Order_ID,Order_Date,Shipping_Date,Delivery_Date,Expected_Delivery_Date,Warehouse_Location,Customer_Location,Shipping_Mode,Order_Priority,Distance_km,Distance_Category,Order_Quantity,Order_Value_INR,Actual_Delivery_Days,Expected_Delivery_Days,Delay_Days,Is_Peak_Season,Is_Weekend,Order_Month,Delayed,Delay_Status
ORD-00001,2023-10-17,2023-10-19,2023-10-22,2023-10-22,Chennai,Visakhapatnam,Express,High,910.0,Long,148,44852.77,5,5,0,1,0,10,0,On Time
ORD-00002,2022-04-25,2022-04-27,2022-04-30,2022-05-02,Ahmedabad,Bhubaneswar,Standard,Medium,,,176,43147.43,5,7,-2,0,0,4,0,On Time
ORD-00003,2022-01-26,2022-01-28,2022-02-01,2022-02-02,Mumbai,Patna,Standard,Critical,1180.0,Long,72,8619.98,6,7,-1,0,0,1,0,On Time
ORD-00004,2022-10-09,2022-10-10,2022-10-12,2022-10-15,Mumbai,Jaipur,Standard,Critical,1145.0,Long,65,1785.07,3,6,-3,1,1,10,0,On Time
ORD-00005,2022-09-08,2022-09-12,2022-09-17,2022-09-17,Chennai,Bhubaneswar,Standard,Low,1688.0,Very Long,51,4954.29,9,9,0,0,0,9,0,On Time
ORD-00006,2022-08-17,2022-08-19,2022-08-25,2022-08-22,Chennai,Bhopal,Express,Low,2219.0,Very Long,171,14684.1,8,5,3,0,0,8,1,Delayed
ORD-00007,2022-05-23,2022-05-23,2022-05-24,2022-05-26,Hyderabad,Surat,Express,Critical,516.0,Medium,49,48626.86,1,3,-2,0,0,5,0,On Time
ORD-00008,2022-04-15,2022-04-18,2022-04-24,2022-04-21,Delhi,Visakhapatnam,Express,Critical,1288.0,Long,153,28146.55,9,6,3,0,0,4,1,Delayed
ORD-00009,2023-11-24,2023-11-26,2023-11-28,2023-12-01,Bangalore,Kochi,Standard,Low,380.0,Medium,74,18976.46,4,7,-3,1,0,11,0,On Time
ORD-00010,2023-07-13,2023-07-21,2023-07-26,2023-07-26,Kolkata,Nagpur,Standard,High,1532.0,Very Long,169,44491.45,13,13,0,0,0,7,0,On Time
ORD-00011,2022-03-31,2022-04-07,2022-04-12,2022-04-10,Mumbai,Visakhapatnam,Express,Medium,2185.0,Very Long,199,22930.25,12,10,2,0,0,3,1,Delayed
ORD-00012,2023-08-28,2023-08-30,2023-08-31,2023-09-02,Kolkata,Bhopal,Express,Medium,180.0,Short,192,16104.31,3,5,-2,0,0,8,0,On Time
ORD-00013,2023-03-09,2023-03-13,2023-03-16,2023-03-16,Hyderabad,Jaipur,Express,High,1735.0,Very Long,189,47090.37,7,7,0,0,0,3,0,On Time
ORD-00014,2022-02-02,2022-02-07,2022-02-11,2022-02-12,Mumbai,Visakhapatnam,Standard,Low,819.0,Long,12,42551.12,9,10,-1,0,0,2,0,On Time
ORD-00015,2022-01-31,2022-02-02,2022-02-14,2022-02-10,Hyderabad,Chandigarh,Economy,Critical,2441.0,Very Long,104,42261.58,14,10,4,0,0,1,1,Delayed
ORD-00016,2022-04-06,2022-04-09,2022-04-13,2022-04-14,Hyderabad,Bhubaneswar,Standard,Medium,1565.0,Very Long,81,25858.09,7,8,-1,0,0,4,0,On Time
ORD-00017,2022-08-12,2022-08-15,2022-08-19,2022-08-18,Pune,Patna,Express,High,2483.0,Very Long,197,39577.2,7,6,1,0,0,8,1,Delayed
ORD-00018,2022-08-27,2022-08-30,2022-09-01,2022-09-02,Chennai,Patna,Express,Medium,1265.0,Long,127,9377.99,5,6,-1,0,1,8,0,On Time
ORD-00019,2023-06-02,2023-06-04,2023-06-06,2023-06-07,Ahmedabad,Chandigarh,Express,Medium,1005.0,Long,14,28874.54,4,5,-1,0,0,6,0,On Time
ORD-00020,2023-09-09,2023-09-14,2023-09-24,2023-09-19,Pune,Jaipur,Standard,High,,,34,49200.37,15,10,5,0,1,9,1,Delayed
ORD-00021,2022-01-28,2022-01-30,2022-01-31,2022-02-02,Bangalore,Patna,Express,Low,1234.0,Long,48,14902.44,3,5,-2,0,0,1,0,On Time
ORD-00022,2023-07-29,2023-08-01,2023-08-02,2023-08-02,Kolkata,Visakhapatnam,Same Day,Medium,509.0,Medium,61,39820.44,4,4,0,0,1,7,0,On Time
ORD-00023,2022-07-23,2022-07-24,2022-07-25,2022-07-29,Ahmedabad,Indore,Standard,Medium,71.0,Short,35,24778.68,2,6,-4,0,1,7,0,On Time
ORD-00024,2023-10-28,2023-10-29,2023-11-03,2023-11-03,Kolkata,Agra,Standard,Low,2350.0,Very Long,119,2470.38,6,6,0,1,1,10,0,On Time
ORD-00025,2023-12-20,2023-12-25,2023-12-26,2023-12-30,Chennai,Coimbatore,Standard,High,797.0,Medium,65,38269.46,6,10,-4,1,0,12,0,On Time
ORD-00026,2023-07-13,2023-07-14,2023-07-16,2023-07-22,Ahmedabad,Patna,Economy,Medium,524.0,Medium,59,8844.17,3,9,-6,0,0,7,0,On Time
ORD-00027,2023-03-06,2023-03-08,2023-03-11,2023-03-13,Pune,Vadodara,Standard,Medium,1132.0,Long,36,31757.94,5,7,-2,0,0,3,0,On Time
ORD-00028,2022-08-14,2022-08-18,2022-08-29,2022-08-26,Kolkata,Coimbatore,Economy,Medium,2097.0,Very Long,147,4740.38,15,12,3,0,1,8,1,Delayed
ORD-00029,2023-04-05,2023-04-05,2023-04-07,2023-04-08,Pune,Kochi,Express,Medium,1025.0,Long,42,47369.94,2,3,-1,0,0,4,0,On Time
ORD-00030,2023-08-27,2023-08-29,2023-09-06,2023-09-06,Chennai,Indore,Economy,Low,1856.0,Very Long,69,14940.33,10,10,0,0,1,8,0,On Time
ORD-00031,2022-10-12,2022-10-17,2022-10-19,2022-10-25,Ahmedabad,Lucknow,Economy,Medium,239.0,Short,147,11710.0,7,13,-6,1,0,10,0,On Time
ORD-00032,2022-01-07,2022-01-09,2022-01-13,2022-01-12,Ahmedabad,Visakhapatnam,Express,Medium,612.0,Medium,107,6892.25,6,5,1,0,0,1,1,Delayed
ORD-00033,2022-06-13,2022-06-14,2022-06-23,2022-06-19,Mumbai,Visakhapatnam,Standard,High,1949.0,Very Long,39,47327.11,10,6,4,0,0,6,1,Delayed
ORD-00034,2023-12-16,2023-12-19,2023-12-21,2023-12-24,Hyderabad,Lucknow,Standard,High,1317.0,Long,69,35739.24,5,8,-3,1,1,12,0,On Time
ORD-00035,2023-03-09,2023-03-14,2023-03-20,2023-03-19,Hyderabad,Bhubaneswar,Standard,Medium,1578.0,Very Long,180,37212.21,11,10,1,0,0,3,1,Delayed
ORD-00036,2022-12-15,2022-12-19,2022-12-20,2022-12-20,Pune,Indore,Same Day,Low,696.0,Medium,12,25220.53,5,5,0,1,0,12,0,On Time
ORD-00037,2022-10-12,2022-10-16,2022-10-23,2022-10-21,Ahmedabad,Bhopal,Standard,Medium,,,83,23999.03,11,9,2,1,0,10,1,Delayed
ORD-00038,2022-06-09,2022-06-11,2022-06-18,2022-06-16,Kolkata,Bhubaneswar,Standard,Low,2264.0,Very Long,175,5946.05,9,7,2,0,0,6,1,Delayed
ORD-00039,2022-08-09,2022-08-11,2022-08-14,2022-08-14,Pune,Bhopal,Express,Low,1347.0,Long,36,28212.13,5,5,0,0,0,8,0,On Time
ORD-00040,2022-12-11,2022-12-15,2022-12-28,2022-12-23,Pune,Kochi,Economy,Medium,2485.0,Very Long,126,12722.37,17,12,5,1,1,12,1,Delayed
ORD-00041,2022-04-15,2022-04-16,2022-04-17,2022-04-21,Delhi,Surat,,Medium,650.0,Medium,63,48868.69,2,6,-4,0,0,4,0,On Time
ORD-00042,2022-04-05,2022-04-05,2022-04-12,2022-04-10,Bangalore,Jaipur,Standard,Medium,2413.0,Very Long,76,39930.76,7,5,2,0,0,4,1,Delayed
ORD-00043,2023-01-25,2023-01-28,2023-02-03,2023-02-02,Ahmedabad,Visakhapatnam,Standard,Low,2111.0,Very Long,82,20943.11,9,8,1,0,0,1,1,Delayed
ORD-00044,2022-04-10,2022-04-13,2022-04-15,2022-04-21,Hyderabad,Agra,Economy,Low,291.0,Short,51,7991.39,5,11,-6,0,1,4,0,On Time
ORD-00045,2023-01-03,2023-01-05,2023-01-10,2023-01-08,Ahmedabad,Visakhapatnam,Express,Low,2091.0,Very Long,43,39373.92,7,5,2,0,0,1,1,Delayed
ORD-00046,2022-12-19,2022-12-22,2022-12-28,2022-12-27,Chennai,Indore,,Low,1413.0,Long,34,6541.66,9,8,1,1,0,12,1,Delayed
ORD-00047,2023-09-11,2023-09-14,2023-09-21,2023-09-19,Pune,Chandigarh,Standard,Medium,2189.0,Very Long,97,9872.02,10,8,2,0,0,9,1,Delayed
ORD-00048,2022-09-28,2022-10-02,2022-10-07,2022-10-07,Delhi,Nagpur,Standard,Medium,1440.0,Long,49,10970.27,9,9,0,0,0,9,0,On Time
ORD-00049,2022-02-14,2022-02-17,2022-02-24,2022-02-22,Delhi,Jaipur,Standard,Low,1528.0,Very Long,146,28066.09,10,8,2,0,0,2,1,Delayed
ORD-00050,2023-04-16,2023-04-20,2023-04-26,2023-04-28,Hyderabad,Kochi,Economy,Medium,825.0,Long,125,39459.3,10,12,-2,0,1,4,0,On Time
ORD-00051,2023-07-04,2023-07-08,2023-07-09,2023-07-09,Hyderabad,Indore,Same Day,Medium,84.0,Short,189,16058.59,5,5,0,0,0,7,0,On Time
ORD-00052,2022-05-08,2022-05-12,2022-05-16,2022-05-15,Hyderabad,Lucknow,Express,Low,2303.0,Very Long,57,4691.16,8,7,1,0,1,5,1,Delayed
ORD-00053,2023-01-23,2023-01-26,2023-02-05,2023-02-03,Chennai,Visakhapatnam,Economy,Low,2005.0,Very Long,93,23494.65,13,11,2,0,0,1,1,Delayed
ORD-00054,2022-03-22,2022-03-22,2022-03-26,2022-03-27,Delhi,Jaipur,Standard,Medium,1635.0,Very Long,109,37531.46,4,5,-1,0,0,3,0,On Time
ORD-00055,2023-07-20,2023-07-23,2023-07-24,2023-07-24,Kolkata,Vadodara,Same Day,High,1071.0,Long,5,11472.36,4,4,0,0,0,7,0,On Time
ORD-00056,2022-10-28,2022-10-30,2022-11-06,2022-11-07,Chennai,Visakhapatnam,Economy,Medium,1179.0,Long,24,11386.27,9,10,-1,1,0,10,0,On Time
ORD-00057,2023-10-06,2023-10-11,2023-10-17,2023-10-16,Mumbai,Visakhapatnam,Standard,Low,1550.0,Very Long,192,47387.74,11,10,1,1,0,10,1,Delayed
ORD-00058,2023-09-26,2023-09-29,2023-09-30,2023-09-30,Bangalore,Visakhapatnam,Same Day,High,752.0,Medium,59,47730.61,4,4,0,0,0,9,0,On Time
ORD-00059,2023-01-06,2023-01-09,2023-01-18,2023-01-14,Bangalore,Bhopal,Standard,Medium,2499.0,Very Long,38,49528.05,12,8,4,0,0,1,1,Delayed
ORD-00060,2023-08-15,2023-08-20,2023-08-24,2023-08-25,Pune,Chandigarh,Standard,Medium,1629.0,Very Long,161,40479.15,9,10,-1,0,0,8,0,On Time
ORD-00061,2022-07-16,2022-07-17,2022-07-19,2022-07-22,Bangalore,Jaipur,Standard,High,211.0,Short,10,9815.12,3,6,-3,0,1,7,0,On Time
ORD-00062,2023-12-23,2023-12-28,2023-12-29,2023-12-31,Hyderabad,Nagpur,Express,High,251.0,Short,165,10993.09,6,8,-2,1,1,12,0,On Time
ORD-00063,2022-03-13,2022-03-15,2022-03-17,2022-03-16,Delhi,Kochi,Same Day,Medium,2031.0,Very Long,126,17341.15,4,3,1,0,1,3,1,Delayed
ORD-00064,2022-02-16,2022-02-20,2022-02-25,2022-02-28,Bangalore,Kochi,Economy,Medium,1045.0,Long,11,16247.56,9,12,-3,0,0,2,0,On Time
ORD-00065,2023-11-09,2023-11-12,2023-11-17,2023-11-15,Pune,Bhubaneswar,Express,Medium,2367.0,Very Long,24,47848.12,8,6,2,1,0,11,1,Delayed
ORD-00066,2022-08-22,2022-08-24,2022-08-28,2022-09-01,Bangalore,Visakhapatnam,Economy,Low,865.0,Long,88,39559.16,6,10,-4,0,0,8,0,On Time
ORD-00067,2022-10-24,2022-10-25,2022-10-29,2022-11-02,Ahmedabad,Coimbatore,Economy,Medium,,,199,36338.44,5,9,-4,1,0,10,0,On Time
ORD-00068,2022-03-23,2022-03-24,2022-03-28,2022-03-29,Chennai,Agra,Standard,Low,1325.0,Long,114,9705.18,5,6,-1,0,0,3,0,On Time
ORD-00069,2022-08-27,2022-08-31,2022-09-05,2022-09-03,Mumbai,Coimbatore,Express,,1066.0,Long,21,45521.52,9,7,2,0,1,8,1,Delayed
ORD-00070,2022-04-14,2022-04-18,2022-04-28,2022-04-23,Ahmedabad,Kochi,Standard,Critical,2393.0,Very Long,148,41479.58,14,9,5,0,0,4,1,Delayed
ORD-00071,2023-01-25,2023-01-30,2023-01-31,2023-02-02,Chennai,Bhubaneswar,Express,Critical,387.0,Medium,10,8600.27,6,8,-2,0,0,1,0,On Time
ORD-00072,2022-10-12,2022-10-20,2022-10-25,2022-10-28,Chennai,Kochi,Economy,Medium,928.0,Long,175,43622.93,13,16,-3,1,0,10,0,On Time
ORD-00073,2023-04-10,2023-04-15,2023-04-18,2023-04-20,Kolkata,Nagpur,Standard,High,1126.0,Long,175,13976.25,8,10,-2,0,0,4,0,On Time
ORD-00074,2023-10-13,2023-10-15,2023-10-16,2023-10-16,Bangalore,Kochi,Same Day,Medium,841.0,Long,143,4503.05,3,3,0,1,0,10,0,On Time
ORD-00075,2023-01-09,2023-01-13,2023-01-21,2023-01-16,Pune,Chandigarh,Express,High,2314.0,Very Long,172,33012.7,12,7,5,0,0,1,1,Delayed
ORD-00076,2022-06-16,2022-06-19,2022-06-20,2022-06-22,Kolkata,Surat,Express,Medium,813.0,Long,190,32863.33,4,6,-2,0,0,6,0,On Time
ORD-00077,2023-01-15,2023-01-20,2023-01-28,2023-01-25,Chennai,Vadodara,Standard,Low,2285.0,Very Long,134,5199.13,13,10,3,0,1,1,1,Delayed
ORD-00078,2022-12-30,2023-01-03,2023-01-05,2023-01-08,Bangalore,Visakhapatnam,Standard,Low,429.0,Medium,66,16283.16,6,9,-3,1,0,12,0,On Time
ORD-00079,2022-08-03,2022-08-09,2022-08-10,2022-08-14,Mumbai,Lucknow,Standard,Medium,542.0,Medium,122,49644.32,7,11,-4,0,0,8,0,On Time
ORD-00080,2023-11-18,2023-11-20,2023-11-23,2023-11-25,Delhi,Chandigarh,Standard,Medium,1230.0,Long,132,34082.12,5,7,-2,1,1,11,0,On Time
ORD-00081,2022-10-01,2022-10-05,2022-10-10,2022-10-10,Delhi,Coimbatore,Standard,High,2112.0,Very Long,23,36638.72,9,9,0,1,1,10,0,On Time
ORD-00082,2023-12-20,2023-12-22,2023-12-23,2023-12-25,Bangalore,Kochi,Express,High,114.0,Short,13,11039.41,3,5,-2,1,0,12,0,On Time
ORD-00083,2023-12-01,2023-12-05,2023-12-06,2023-12-10,Ahmedabad,Agra,Standard,Medium,1417.0,Long,159,4399.71,5,9,-4,1,0,12,0,On Time
ORD-00084,2023-10-26,2023-11-01,2023-11-08,2023-11-09,Pune,Indore,Economy,Medium,1202.0,Long,16,14206.63,13,14,-1,1,0,10,0,On Time
ORD-00085,2022-03-15,2022-03-20,2022-03-27,2022-03-23,Hyderabad,Visakhapatnam,Express,Low,2077.0,Very Long,41,12820.47,12,8,4,0,0,3,1,Delayed
ORD-00086,2023-09-16,2023-09-21,2023-09-24,2023-09-24,Hyderabad,Bhopal,Express,High,1545.0,Very Long,1,12109.93,8,8,0,0,1,9,0,On Time
ORD-00087,2023-10-13,2023-10-20,2023-10-21,2023-10-23,Delhi,Surat,Express,Critical,1212.0,Long,111,10041.34,8,10,-2,1,0,10,0,On Time
ORD-00088,2022-06-25,2022-06-30,2022-07-02,2022-07-03,Chennai,Vadodara,Express,Critical,1572.0,Very Long,12,28950.41,7,8,-1,0,1,6,0,On Time
ORD-00089,2023-07-01,2023-07-02,2023-07-04,2023-07-10,Chennai,Vadodara,Economy,High,441.0,Medium,119,16741.12,3,9,-6,0,1,7,0,On Time
ORD-00090,2022-09-08,2022-09-13,2022-09-17,2022-09-18,Kolkata,Lucknow,Standard,Low,1748.0,Very Long,184,41107.08,9,10,-1,0,0,9,0,On Time
ORD-00091,2022-06-17,2022-06-19,2022-06-22,2022-06-24,Bangalore,Agra,Standard,Low,468.0,Medium,178,9605.4,5,7,-2,0,0,6,0,On Time
ORD-00092,2023-04-19,2023-04-24,2023-04-28,2023-04-25,Pune,Bhopal,Same Day,Medium,2386.0,Very Long,20,23499.04,9,6,3,0,0,4,1,Delayed
ORD-00093,2023-01-24,2023-01-26,2023-01-27,2023-01-31,Bangalore,Visakhapatnam,Standard,Critical,428.0,Medium,194,1176.06,3,7,-4,0,0,1,0,On Time
ORD-00094,2022-10-04,2022-10-08,2022-10-15,2022-10-13,Bangalore,Chandigarh,Standard,Low,1846.0,Very Long,36,24343.27,11,9,2,1,0,10,1,Delayed
ORD-00095,2023-10-18,2023-10-22,2023-11-01,2023-10-27,Kolkata,Nagpur,Standard,Low,2328.0,Very Long,79,3263.99,14,9,5,1,0,10,1,Delayed
ORD-00096,2023-12-06,2023-12-09,2023-12-19,2023-12-14,Hyderabad,Nagpur,Standard,High,2138.0,Very Long,166,48897.31,13,8,5,1,0,12,1,Delayed
ORD-00097,2023-07-25,2023-08-01,2023-08-10,2023-08-04,Bangalore,Bhopal,Express,Low,2232.0,Very Long,150,39634.31,16,10,6,0,0,7,1,Delayed
ORD-00098,2022-08-13,2022-08-15,2022-08-16,2022-08-20,Delhi,Indore,Standard,Medium,250.0,Short,108,24760.52,3,7,-4,0,1,8,0,On Time
ORD-00099,2023-12-03,2023-12-10,2023-12-24,2023-12-18,Ahmedabad,Bhopal,Economy,High,1913.0,Very Long,189,4786.07,21,15,6,1,1,12,1,Delayed
ORD-00100,2022-11-29,2022-12-02,2022-12-03,2022-12-03,Bangalore,Chandigarh,Same Day,Medium,829.0,Long,178,29826.05,4,4,0,1,0,11,0,On Time
ORD-00101,2022-02-27,2022-03-02,2022-03-03,2022-03-05,Chennai,Bhopal,Express,Low,552.0,Medium,96,38058.81,4,6,-2,0,1,2,0,On Time
ORD-00102,2022-08-23,2022-08-27,2022-08-31,2022-08-30,Bangalore,Lucknow,Express,High,1801.0,Very Long,59,9940.5,8,7,1,0,0,8,1,Delayed
ORD-00103,2022-02-02,2022-02-03,2022-02-06,2022-02-11,Delhi,Visakhapatnam,Economy,High,854.0,Long,20,28626.31,4,9,-5,0,0,2,0,On Time
ORD-00104,2022-11-20,2022-11-21,2022-11-29,2022-11-26,Mumbai,Indore,Standard,Critical,2196.0,Very Long,164,40803.44,9,6,3,1,1,11,1,Delayed
ORD-00105,2023-02-15,2023-02-19,2023-02-27,2023-02-27,Delhi,Patna,Economy,Medium,1945.0,Very Long,126,38528.26,12,12,0,0,0,2,0,On Time
ORD-00106,2022-10-02,2022-10-06,2022-10-07,2022-10-07,Mumbai,Jaipur,Same Day,Low,1620.0,Very Long,97,40248.1,5,5,0,1,1,10,0,On Time
ORD-00107,2022-03-09,2022-03-13,2022-03-16,2022-03-14,Kolkata,Vadodara,Same Day,High,1010.0,Long,143,44026.51,7,5,2,0,0,3,1,Delayed
ORD-00108,2022-08-05,2022-08-07,2022-08-10,2022-08-10,Kolkata,Visakhapatnam,Express,Medium,1535.0,Very Long,62,46915.26,5,5,0,0,0,8,0,On Time
ORD-00109,2023-08-04,2023-08-09,2023-08-13,2023-08-14,Hyderabad,Coimbatore,Standard,Medium,1078.0,Long,131,20573.3,9,10,-1,0,0,8,0,On Time
ORD-00110,2022-11-19,2022-11-22,2022-11-24,2022-11-25,Delhi,Patna,Express,High,552.0,Medium,93,28654.07,5,6,-1,1,1,11,0,On Time
ORD-00111,2022-08-06,2022-08-13,2022-08-15,2022-08-14,Delhi,Bhubaneswar,Same Day,Medium,447.0,Medium,91,39637.65,9,8,1,0,1,8,1,Delayed
ORD-00112,2023-11-03,2023-11-08,2023-11-09,2023-11-13,Mumbai,Bhopal,Standard,Medium,920.0,Long,133,35008.42,6,10,-4,1,0,11,0,On Time
ORD-00113,2023-05-27,2023-06-03,2023-06-04,2023-06-04,Kolkata,Nagpur,Same Day,Low,442.0,Medium,123,49778.25,8,8,0,0,1,5,0,On Time
ORD-00114,2023-02-10,2023-02-11,2023-02-12,2023-02-16,Mumbai,Patna,Standard,Medium,256.0,Short,184,1177.04,2,6,-4,0,0,2,0,On Time
ORD-00115,2023-10-21,2023-10-26,2023-10-30,2023-10-31,Kolkata,Kochi,Standard,Medium,1088.0,Long,159,18079.09,9,10,-1,1,1,10,0,On Time
ORD-00116,2023-04-15,2023-04-16,2023-04-24,2023-04-21,Mumbai,Chandigarh,Standard,Medium,1931.0,Very Long,86,14410.88,9,6,3,0,1,4,1,Delayed
ORD-00117,2022-05-27,2022-05-30,2022-06-02,2022-06-04,Kolkata,Patna,Standard,High,1534.0,Very Long,163,13484.63,6,8,-2,0,0,5,0,On Time
ORD-00118,2022-09-29,2022-10-05,2022-10-06,2022-10-08,Mumbai,Surat,Express,Critical,913.0,Long,118,11515.22,7,9,-2,0,0,9,0,On Time
ORD-00119,2022-05-23,2022-05-28,2022-05-29,2022-06-02,Ahmedabad,Vadodara,Standard,Low,613.0,Medium,199,35601.63,6,10,-4,0,0,5,0,On Time
ORD-00120,2022-09-10,2022-09-12,2022-09-17,2022-09-20,Kolkata,Indore,Economy,Low,1070.0,Long,198,4695.59,7,10,-3,0,1,9,0,On Time
ORD-00121,2023-07-29,2023-07-31,2023-08-02,2023-08-03,Pune,Vadodara,Express,Low,145.0,Short,26,37209.64,4,5,-1,0,1,7,0,On Time
ORD-00122,2023-07-06,2023-07-07,2023-07-13,2023-07-12,Mumbai,Visakhapatnam,Standard,Low,1973.0,Very Long,118,34824.58,7,6,1,0,0,7,1,Delayed
ORD-00123,2022-09-27,2022-10-04,2022-10-06,2022-10-07,Delhi,Chandigarh,Express,High,1807.0,Very Long,1,12914.8,9,10,-1,0,0,9,0,On Time
ORD-00124,2023-08-22,2023-08-23,2023-09-03,2023-08-31,Hyderabad,Nagpur,Economy,High,2328.0,Very Long,7,13015.27,12,9,3,0,0,8,1,Delayed
ORD-00125,2023-03-15,2023-03-18,2023-03-19,2023-03-19,Pune,Bhubaneswar,Same Day,High,1728.0,Very Long,164,31628.6,4,4,0,0,0,3,0,On Time
ORD-00126,2023-08-21,2023-08-25,2023-08-26,2023-08-30,Pune,Coimbatore,Standard,Medium,590.0,Medium,76,38227.47,5,9,-4,0,0,8,0,On Time
ORD-00127,2023-02-13,2023-02-14,2023-02-20,2023-02-22,Mumbai,Patna,Economy,Medium,1109.0,Long,87,43886.04,7,9,-2,0,0,2,0,On Time
ORD-00128,2023-01-06,2023-01-11,2023-01-12,2023-01-12,Hyderabad,Indore,Same Day,Medium,1233.0,Long,153,42680.91,6,6,0,0,0,1,0,On Time
ORD-00129,2022-08-13,2022-08-15,2022-08-23,2022-08-20,Delhi,Jaipur,Standard,Low,,,94,48261.71,10,7,3,0,1,8,1,Delayed
ORD-00130,2022-05-22,2022-05-25,2022-05-31,2022-05-30,Pune,Indore,Standard,High,1869.0,Very Long,187,29278.55,9,8,1,0,1,5,1,Delayed
ORD-00131,2023-06-06,2023-06-08,2023-06-11,2023-06-11,Delhi,Agra,Express,Critical,1647.0,Very Long,61,45478.45,5,5,0,0,0,6,0,On Time
ORD-00132,2023-05-21,2023-05-26,2023-05-28,2023-05-31,Kolkata,Indore,Standard,Medium,845.0,Long,29,40521.41,7,10,-3,0,1,5,0,On Time
ORD-00133,2022-04-04,2022-04-07,2022-04-14,2022-04-15,Bangalore,Vadodara,Economy,High,1101.0,Long,95,44786.05,10,11,-1,0,0,4,0,On Time
ORD-00134,2022-02-18,2022-02-24,2022-03-03,2022-03-01,Ahmedabad,Chandigarh,Standard,Medium,1693.0,Very Long,18,1075.52,13,11,2,0,0,2,1,Delayed
ORD-00135,2022-04-23,2022-04-27,2022-05-05,2022-05-05,Bangalore,Jaipur,Economy,Low,1413.0,Long,41,48312.2,12,12,0,0,1,4,0,On Time
ORD-00136,2022-06-06,2022-06-11,2022-06-16,2022-06-14,Bangalore,Indore,Express,Medium,2031.0,Very Long,147,23939.74,10,8,2,0,0,6,1,Delayed
ORD-00137,2023-10-05,2023-10-08,2023-10-12,2023-10-13,Hyderabad,Surat,Standard,Medium,1404.0,Long,132,40010.06,7,8,-1,1,0,10,0,On Time
ORD-00138,2022-06-13,2022-06-15,2022-06-22,2022-06-20,Ahmedabad,Coimbatore,Standard,Low,1713.0,Very Long,193,6796.6,9,7,2,0,0,6,1,Delayed
ORD-00139,2023-11-28,2023-12-01,2023-12-04,2023-12-04,Chennai,Patna,Express,High,1579.0,Very Long,41,20099.08,6,6,0,1,0,11,0,On Time
ORD-00140,2023-03-09,2023-03-14,2023-03-16,2023-03-15,Kolkata,Patna,Same Day,High,2088.0,Very Long,123,13937.3,7,6,1,0,0,3,1,Delayed
ORD-00141,2023-09-03,2023-09-06,2023-09-07,2023-09-07,Hyderabad,Visakhapatnam,Same Day,Medium,,,143,14937.11,4,4,0,0,1,9,0,On Time
ORD-00142,2022-03-07,2022-03-09,2022-03-16,2022-03-14,Mumbai,Surat,Standard,Medium,2287.0,Very Long,182,6601.15,9,7,2,0,0,3,1,Delayed
ORD-00143,2023-01-30,2023-02-03,2023-02-07,2023-02-08,Ahmedabad,Patna,Standard,High,1458.0,Long,192,40385.31,8,9,-1,0,0,1,0,On Time
ORD-00144,2023-01-26,2023-01-30,2023-02-05,2023-02-04,Mumbai,Indore,Standard,High,1450.0,Long,143,957.49,10,9,1,0,0,1,1,Delayed
ORD-00145,2023-09-03,2023-09-08,2023-09-13,2023-09-11,Delhi,Bhubaneswar,Express,High,1356.0,Long,178,15969.02,10,8,2,0,1,9,1,Delayed
ORD-00146,2023-04-25,2023-04-26,2023-05-01,2023-05-01,Bangalore,Indore,Standard,Medium,1022.0,Long,22,9133.32,6,6,0,0,0,4,0,On Time
ORD-00147,2023-06-26,2023-06-29,2023-07-01,2023-07-02,Pune,Chandigarh,Express,Critical,1818.0,Very Long,146,29657.43,5,6,-1,0,0,6,0,On Time
ORD-00148,2022-09-15,2022-09-19,2022-09-24,2022-09-22,Ahmedabad,Vadodara,Express,Low,1332.0,Long,80,13085.49,9,7,2,0,0,9,1,Delayed
ORD-00149,2023-07-21,2023-07-23,2023-07-26,2023-07-31,Chennai,Kochi,Economy,High,759.0,Medium,130,13320.42,5,10,-5,0,0,7,0,On Time
ORD-00150,2022-01-12,2022-01-16,2022-01-22,2022-01-21,Mumbai,Vadodara,Standard,Low,1529.0,Very Long,36,24672.74,10,9,1,0,0,1,1,Delayed
ORD-00151,2023-11-28,2023-12-02,2023-12-06,2023-12-07,Hyderabad,Visakhapatnam,Standard,High,1484.0,Long,20,32808.11,8,9,-1,1,0,11,0,On Time
ORD-00152,2022-04-28,2022-05-01,2022-05-03,2022-05-04,Ahmedabad,Bhubaneswar,Express,Medium,698.0,Medium,144,6504.58,5,6,-1,0,0,4,0,On Time
ORD-00153,2023-11-30,2023-12-04,2023-12-05,2023-12-07,Ahmedabad,Vadodara,Express,Medium,367.0,Medium,67,9187.82,5,7,-2,1,0,11,0,On Time
ORD-00154,2023-07-04,2023-07-05,2023-07-07,2023-07-10,Pune,Nagpur,Standard,Medium,1307.0,Long,120,12735.15,3,6,-3,0,0,7,0,On Time
ORD-00155,2022-10-01,2022-10-04,2022-10-09,2022-10-12,Pune,Nagpur,Economy,Low,733.0,Medium,158,48700.54,8,11,-3,1,1,10,0,On Time
ORD-00156,2023-10-19,2023-10-22,2023-10-28,2023-10-30,Hyderabad,Bhubaneswar,Economy,High,713.0,Medium,55,20159.05,9,11,-2,1,0,10,0,On Time
ORD-00157,2022-12-15,2022-12-22,2022-12-29,2022-12-27,Pune,Indore,Standard,High,2048.0,Very Long,66,30150.01,14,12,2,1,0,12,1,Delayed
ORD-00158,2022-04-25,2022-04-28,2022-05-06,2022-05-03,Mumbai,Agra,Standard,Critical,1681.0,Very Long,26,12456.37,11,8,3,0,0,4,1,Delayed
ORD-00159,2022-10-28,2022-11-02,2022-11-05,2022-11-05,Hyderabad,Agra,Express,Low,1545.0,Very Long,185,24777.75,8,8,0,1,0,10,0,On Time
ORD-00160,2023-03-22,2023-03-30,2023-04-01,2023-03-31,Bangalore,Bhopal,Same Day,High,1186.0,Long,197,4168.9,10,9,1,0,0,3,1,Delayed
ORD-00161,2022-06-11,2022-06-13,2022-06-16,2022-06-18,Hyderabad,Kochi,Standard,High,1903.0,Very Long,130,2219.74,5,7,-2,0,1,6,0,On Time
ORD-00162,2023-04-10,2023-04-12,2023-04-19,2023-04-15,Delhi,Surat,Express,Medium,1570.0,Very Long,56,23702.31,9,5,4,0,0,4,1,Delayed
ORD-00163,2022-01-04,2022-01-06,2022-01-09,2022-01-09,Chennai,Indore,Express,Low,613.0,Medium,190,20233.63,5,5,0,0,0,1,0,On Time
ORD-00164,2022-09-27,2022-10-02,2022-10-06,2022-10-07,Ahmedabad,Bhubaneswar,Standard,High,1341.0,Long,34,7275.58,9,10,-1,0,0,9,0,On Time
ORD-00165,2023-05-28,2023-06-02,2023-06-03,2023-06-05,Delhi,Bhopal,Express,Critical,1686.0,Very Long,56,34536.27,6,8,-2,0,1,5,0,On Time
ORD-00166,2022-07-02,2022-07-03,2022-07-07,2022-07-11,Chennai,Indore,Economy,High,748.0,Medium,55,49648.72,5,9,-4,0,1,7,0,On Time
ORD-00167,2023-06-04,2023-06-07,2023-06-12,2023-06-12,Hyderabad,Bhopal,Standard,Medium,2210.0,Very Long,20,20084.52,8,8,0,0,1,6,0,On Time
ORD-00168,2022-04-19,2022-04-24,2022-04-25,2022-04-29,Ahmedabad,Bhubaneswar,Standard,Medium,51.0,Short,50,31415.65,6,10,-4,0,0,4,0,On Time
ORD-00169,2023-10-03,2023-10-06,2023-10-08,2023-10-09,Pune,Indore,Express,Low,691.0,Medium,153,48167.31,5,6,-1,1,0,10,0,On Time
ORD-00170,2022-11-02,2022-11-04,2022-11-14,2022-11-12,Chennai,Jaipur,Economy,High,2317.0,Very Long,84,41660.98,12,10,2,1,0,11,1,Delayed
ORD-00171,2023-10-17,2023-10-17,2023-10-27,2023-10-25,Hyderabad,Patna,Economy,High,1639.0,Very Long,153,23445.84,10,8,2,1,0,10,1,Delayed
ORD-00172,2023-06-04,2023-06-06,2023-06-09,2023-06-09,Hyderabad,Bhubaneswar,Express,Low,904.0,Long,53,37005.73,5,5,0,0,1,6,0,On Time
ORD-00173,2023-09-16,2023-09-18,2023-09-21,2023-09-19,Delhi,Nagpur,Same Day,High,1809.0,Very Long,142,6842.68,5,3,2,0,1,9,1,Delayed
ORD-00174,2022-07-23,2022-07-23,2022-07-28,2022-07-26,Delhi,Nagpur,Express,Medium,2482.0,Very Long,188,25849.14,5,3,2,0,1,7,1,Delayed
ORD-00175,2022-06-06,2022-06-11,2022-06-12,2022-06-14,Pune,Kochi,Express,Critical,1711.0,Very Long,111,14313.48,6,8,-2,0,0,6,0,On Time
ORD-00176,2023-01-18,2023-01-19,2023-01-24,2023-01-24,Bangalore,Lucknow,Standard,Medium,1203.0,Long,171,8477.6,6,6,0,0,0,1,0,On Time
ORD-00177,2022-06-15,2022-06-19,2022-06-22,2022-06-24,Kolkata,Nagpur,Standard,Low,1126.0,Long,190,21600.9,7,9,-2,0,0,6,0,On Time
ORD-00178,2023-07-07,2023-07-13,2023-07-17,2023-07-18,Mumbai,Lucknow,Standard,Medium,1757.0,Very Long,112,6985.22,10,11,-1,0,0,7,0,On Time
ORD-00179,2023-06-28,2023-07-01,2023-07-07,2023-07-04,Kolkata,Jaipur,Express,Medium,1745.0,Very Long,69,35099.76,9,6,3,0,0,6,1,Delayed
ORD-00180,2022-01-01,2022-01-03,2022-01-12,2022-01-08,Kolkata,Bhubaneswar,Standard,Low,1783.0,Very Long,191,23083.88,11,7,4,0,1,1,1,Delayed
ORD-00181,2023-09-06,2023-09-10,2023-09-17,2023-09-18,Ahmedabad,Agra,Economy,Medium,1489.0,Long,2,26791.66,11,12,-1,0,0,9,0,On Time
ORD-00182,2022-11-28,2022-11-30,2022-12-11,2022-12-05,Bangalore,Agra,Standard,Medium,2344.0,Very Long,182,7745.61,13,7,6,1,0,11,1,Delayed
ORD-00183,2023-05-16,2023-05-16,2023-05-19,2023-05-21,Ahmedabad,Bhopal,Standard,High,885.0,Long,16,7418.7,3,5,-2,0,0,5,0,On Time
ORD-00184,2022-01-20,2022-01-20,2022-01-21,2022-01-23,Pune,Visakhapatnam,Express,Low,252.0,Short,183,29379.06,1,3,-2,0,0,1,0,On Time
ORD-00185,2022-04-25,2022-04-27,2022-04-28,2022-04-28,Ahmedabad,Kochi,Same Day,Medium,172.0,Short,94,49257.98,3,3,0,0,0,4,0,On Time
ORD-00186,2023-01-07,2023-01-10,2023-01-14,2023-01-15,Chennai,Patna,Standard,Low,450.0,Medium,171,5264.4,7,8,-1,0,1,1,0,On Time
ORD-00187,2022-11-11,2022-11-13,2022-11-15,2022-11-18,Pune,Visakhapatnam,Standard,High,816.0,Long,189,14643.71,4,7,-3,1,0,11,0,On Time
ORD-00188,2022-09-03,2022-09-06,2022-09-09,2022-09-14,Pune,Surat,Economy,Low,343.0,Medium,166,43538.23,6,11,-5,0,1,9,0,On Time
ORD-00189,2022-03-01,2022-03-02,2022-03-09,2022-03-07,Hyderabad,Lucknow,Standard,Critical,2377.0,Very Long,45,4077.46,8,6,2,0,0,3,1,Delayed
ORD-00190,2022-09-04,2022-09-09,2022-09-10,2022-09-14,Hyderabad,Patna,Standard,High,,,126,43856.34,6,10,-4,0,1,9,0,On Time
ORD-00191,2023-08-04,2023-08-06,2023-08-17,2023-08-14,Hyderabad,Vadodara,Economy,Medium,1980.0,Very Long,179,26452.16,13,10,3,0,0,8,1,Delayed
ORD-00192,2022-03-22,2022-03-24,2022-03-31,2022-03-29,Mumbai,Kochi,Standard,Medium,2241.0,Very Long,170,20709.21,9,7,2,0,0,3,1,Delayed
ORD-00193,2022-03-29,2022-03-31,2022-04-01,2022-04-03,Chennai,Kochi,Express,Low,658.0,Medium,24,15829.19,3,5,-2,0,0,3,0,On Time
ORD-00194,2023-05-13,2023-05-21,2023-05-27,2023-05-26,Chennai,Nagpur,Standard,Medium,1197.0,Long,115,15207.3,14,13,1,0,1,5,1,Delayed
ORD-00195,2022-03-12,2022-03-13,2022-03-16,2022-03-18,Hyderabad,Patna,Standard,,236.0,Short,158,15637.23,4,6,-2,0,1,3,0,On Time
ORD-00196,2023-06-30,2023-07-07,2023-07-14,2023-07-12,Kolkata,Vadodara,Standard,Critical,1844.0,Very Long,165,44297.75,14,12,2,0,0,6,1,Delayed
ORD-00197,2022-05-09,2022-05-12,2022-05-13,2022-05-17,Mumbai,Indore,Standard,Low,709.0,Medium,123,36327.86,4,8,-4,0,0,5,0,On Time
ORD-00198,2022-05-12,2022-05-14,2022-05-20,2022-05-19,Kolkata,Chandigarh,Standard,Medium,2005.0,Very Long,181,33651.29,8,7,1,0,0,5,1,Delayed
ORD-00199,2023-11-07,2023-11-11,2023-11-16,2023-11-16,Delhi,Kochi,Standard,High,1419.0,Long,191,40038.08,9,9,0,1,0,11,0,On Time
ORD-00200,2023-05-02,2023-05-04,2023-05-07,2023-05-05,Chennai,Lucknow,,High,2036.0,Very Long,139,13227.18,5,3,2,0,0,5,1,Delayed
ORD-00201,2023-07-17,2023-07-22,2023-07-26,2023-07-27,Chennai,Visakhapatnam,Standard,Low,1584.0,Very Long,78,31093.12,9,10,-1,0,0,7,0,On Time
ORD-00202,2022-06-19,2022-06-20,2022-06-21,2022-06-23,Kolkata,Agra,Express,Medium,196.0,Short,151,23273.28,2,4,-2,0,1,6,0,On Time
ORD-00203,2022-09-29,2022-10-07,2022-10-16,2022-10-15,Mumbai,Surat,Economy,Medium,1784.0,Very Long,117,39230.86,17,16,1,0,0,9,1,Delayed
ORD-00204,2023-06-25,2023-06-27,2023-06-28,2023-06-30,Chennai,Surat,Express,High,1893.0,Very Long,80,15808.18,3,5,-2,0,1,6,0,On Time
ORD-00205,2023-09-14,2023-09-16,2023-09-17,2023-09-21,Kolkata,Coimbatore,Standard,Medium,538.0,Medium,50,32337.34,3,7,-4,0,0,9,0,On Time
ORD-00206,2023-03-10,2023-03-12,2023-03-21,2023-03-20,Pune,Vadodara,Economy,Medium,2009.0,Very Long,85,44169.51,11,10,1,0,0,3,1,Delayed
ORD-00207,2022-08-05,2022-08-06,2022-08-12,2022-08-11,Pune,Vadodara,Standard,Critical,1713.0,Very Long,183,20406.45,7,6,1,0,0,8,1,Delayed
ORD-00208,2023-07-07,2023-07-09,2023-07-20,2023-07-14,Ahmedabad,Visakhapatnam,Standard,High,2435.0,Very Long,183,3797.79,13,7,6,0,0,7,1,Delayed
ORD-00209,2023-12-08,2023-12-12,2023-12-13,2023-12-13,Mumbai,Jaipur,Same Day,High,690.0,Medium,4,26044.52,5,5,0,1,0,12,0,On Time
ORD-00210,2022-07-25,2022-08-01,2022-08-03,2022-08-04,Kolkata,Jaipur,Express,Medium,1852.0,Very Long,182,17625.64,9,10,-1,0,0,7,0,On Time
ORD-00211,2024-01-01,2024-01-08,2024-01-12,2024-01-11,Ahmedabad,Visakhapatnam,Express,Low,2019.0,Very Long,61,33775.16,11,10,1,0,0,1,1,Delayed
ORD-00212,2022-11-16,2022-11-20,2022-11-27,2022-11-25,Pune,Nagpur,Standard,Critical,2248.0,Very Long,111,47576.13,11,9,2,1,0,11,1,Delayed
ORD-00213,2023-02-13,2023-02-13,2023-02-16,2023-02-16,Mumbai,Indore,Express,Medium,1488.0,Long,78,24537.61,3,3,0,0,0,2,0,On Time
ORD-00214,2023-11-19,2023-11-19,2023-11-25,2023-11-24,Bangalore,Nagpur,Standard,Low,1684.0,Very Long,83,23576.42,6,5,1,1,1,11,1,Delayed
ORD-00215,2023-10-28,2023-10-29,2023-11-01,2023-11-06,Ahmedabad,Surat,Economy,Medium,312.0,Medium,133,32901.95,4,9,-5,1,1,10,0,On Time
ORD-00216,2023-01-18,2023-01-19,2023-01-25,2023-01-24,Bangalore,Bhopal,Standard,Low,1837.0,Very Long,100,5623.13,7,6,1,0,0,1,1,Delayed
ORD-00217,2023-03-25,2023-04-02,2023-04-16,2023-04-10,Hyderabad,Surat,Economy,Medium,2241.0,Very Long,146,13048.56,22,16,6,0,1,3,1,Delayed
ORD-00218,2023-06-14,2023-06-15,2023-06-21,2023-06-18,Mumbai,Agra,Express,High,2443.0,Very Long,172,45989.48,7,4,3,0,0,6,1,Delayed
ORD-00219,2023-04-08,2023-04-09,2023-04-11,2023-04-17,Delhi,Kochi,Economy,Critical,673.0,Medium,31,33662.16,3,9,-6,0,1,4,0,On Time
ORD-00220,2022-05-04,2022-05-07,2022-05-11,2022-05-08,Hyderabad,Patna,Same Day,Critical,1066.0,Long,119,1165.48,7,4,3,0,0,5,1,Delayed
ORD-00221,2022-09-11,2022-09-15,2022-09-17,2022-09-18,Ahmedabad,Patna,Express,Low,930.0,Long,94,10628.96,6,7,-1,0,1,9,0,On Time
ORD-00222,2022-08-19,2022-08-20,2022-08-26,2022-08-25,Kolkata,Kochi,Standard,Medium,2099.0,Very Long,149,34300.44,7,6,1,0,0,8,1,Delayed
ORD-00223,2022-03-07,2022-03-07,2022-03-14,2022-03-12,Hyderabad,Kochi,Standard,Low,1377.0,Long,175,38337.76,7,5,2,0,0,3,1,Delayed
ORD-00224,2022-12-13,2022-12-17,2022-12-28,2022-12-22,Hyderabad,Surat,Standard,High,2351.0,Very Long,30,42073.05,15,9,6,1,0,12,1,Delayed
ORD-00225,2022-01-22,2022-01-25,2022-01-27,2022-02-02,Ahmedabad,Patna,Economy,Medium,502.0,Medium,55,14962.75,5,11,-6,0,1,1,0,On Time
ORD-00226,2023-08-26,2023-08-28,2023-09-02,2023-09-05,Kolkata,Patna,Economy,High,1233.0,Long,105,46585.92,7,10,-3,0,1,8,0,On Time
ORD-00227,2023-07-22,2023-07-26,2023-07-30,2023-07-29,Kolkata,Bhubaneswar,Express,High,2106.0,Very Long,196,27870.87,8,7,1,0,1,7,1,Delayed
ORD-00228,2022-08-24,2022-08-26,2022-09-02,2022-08-31,Pune,Coimbatore,Standard,Medium,1732.0,Very Long,197,34978.68,9,7,2,0,0,8,1,Delayed
ORD-00229,2023-08-26,2023-08-30,2023-09-09,2023-09-04,Delhi,Agra,Standard,Medium,2305.0,Very Long,41,30038.57,14,9,5,0,1,8,1,Delayed
ORD-00230,2022-08-14,2022-08-17,2022-08-20,2022-08-20,Kolkata,Agra,Express,Critical,1204.0,Long,173,6575.63,6,6,0,0,1,8,0,On Time
ORD-00231,2022-01-08,2022-01-12,2022-01-13,2022-01-15,Chennai,Patna,Express,Critical,453.0,Medium,74,48174.18,5,7,-2,0,1,1,0,On Time
ORD-00232,2022-03-14,2022-03-17,2022-03-21,2022-03-18,Chennai,Kochi,Same Day,Medium,2249.0,Very Long,158,6582.34,7,4,3,0,0,3,1,Delayed
ORD-00233,2023-12-26,2023-12-29,2024-01-08,2024-01-06,Delhi,Jaipur,Economy,Medium,2151.0,Very Long,77,13116.66,13,11,2,1,0,12,1,Delayed
ORD-00234,2023-10-09,2023-10-15,2023-10-22,2023-10-20,Mumbai,Indore,Standard,Critical,1746.0,Very Long,85,40774.58,13,11,2,1,0,10,1,Delayed
ORD-00235,2022-03-02,2022-03-05,2022-03-06,2022-03-08,Ahmedabad,Bhopal,Express,Low,677.0,Medium,173,31120.55,4,6,-2,0,0,3,0,On Time
ORD-00236,2022-08-23,2022-08-23,2022-08-25,2022-08-26,Mumbai,Visakhapatnam,Express,Medium,636.0,Medium,104,41988.38,2,3,-1,0,0,8,0,On Time
ORD-00237,2022-03-11,2022-03-14,2022-03-19,2022-03-19,Chennai,Kochi,Standard,Low,1698.0,Very Long,173,26028.94,8,8,0,0,0,3,0,On Time
ORD-00238,2022-02-02,2022-02-05,2022-02-10,2022-02-10,Kolkata,Coimbatore,Standard,Medium,1493.0,Long,79,19161.17,8,8,0,0,0,2,0,On Time
ORD-00239,2022-12-05,2022-12-05,2022-12-09,2022-12-10,Delhi,Patna,Standard,Low,1495.0,Long,84,46131.35,4,5,-1,1,0,12,0,On Time
ORD-00240,2022-03-14,2022-03-18,2022-03-21,2022-03-26,Mumbai,Vadodara,Economy,Medium,153.0,Short,173,2294.49,7,12,-5,0,0,3,0,On Time
ORD-00241,2023-06-11,2023-06-14,2023-06-15,2023-06-17,Mumbai,Lucknow,Express,Medium,303.0,Medium,183,42878.45,4,6,-2,0,1,6,0,On Time
ORD-00242,2022-09-01,2022-09-02,2022-09-04,2022-09-05,Bangalore,Agra,Express,Medium,1546.0,Very Long,187,11925.48,3,4,-1,0,0,9,0,On Time
ORD-00243,2022-10-13,2022-10-14,2022-10-18,2022-10-22,Ahmedabad,Surat,Economy,Critical,148.0,Short,133,42512.45,5,9,-4,1,0,10,0,On Time
ORD-00244,2023-11-17,2023-11-19,2023-11-23,2023-11-20,Hyderabad,Surat,Same Day,High,2250.0,Very Long,124,7390.23,6,3,3,1,0,11,1,Delayed
ORD-00245,2023-05-13,2023-05-15,2023-05-18,2023-05-20,Chennai,Agra,Standard,High,1934.0,Very Long,32,29220.84,5,7,-2,0,1,5,0,On Time
ORD-00246,2022-08-08,2022-08-11,2022-08-14,2022-08-14,Kolkata,Indore,Express,High,1969.0,Very Long,6,44461.34,6,6,0,0,0,8,0,On Time
ORD-00247,2023-07-07,2023-07-11,2023-07-12,2023-07-14,Delhi,Kochi,Express,Low,927.0,Long,94,23940.21,5,7,-2,0,0,7,0,On Time
ORD-00248,2022-05-16,2022-05-19,2022-05-20,2022-05-20,Mumbai,Vadodara,Same Day,Medium,387.0,Medium,26,37455.05,4,4,0,0,0,5,0,On Time
ORD-00249,2023-08-08,2023-08-08,2023-08-09,2023-08-09,Ahmedabad,Indore,Same Day,Critical,1006.0,Long,37,40331.25,1,1,0,0,0,8,0,On Time
ORD-00250,2023-08-14,2023-08-22,2023-08-25,2023-08-25,Hyderabad,Jaipur,Express,Medium,1754.0,Very Long,13,36956.46,11,11,0,0,0,8,0,On Time
ORD-00251,2023-04-30,2023-05-05,2023-05-06,2023-05-10,Chennai,Chandigarh,Standard,Low,210.0,Short,93,46303.82,6,10,-4,0,1,4,0,On Time
ORD-00252,2022-09-06,2022-09-14,2022-09-22,2022-09-22,Chennai,Nagpur,Economy,High,1653.0,Very Long,197,22618.29,16,16,0,0,0,9,0,On Time
ORD-00253,2023-04-30,2023-05-03,2023-05-04,2023-05-08,Ahmedabad,Agra,Standard,Medium,447.0,Medium,25,9069.71,4,8,-4,0,1,4,0,On Time
ORD-00254,2023-02-21,2023-02-23,2023-02-28,2023-02-28,Bangalore,Lucknow,Standard,Medium,1350.0,Long,141,2866.65,7,7,0,0,0,2,0,On Time
ORD-00255,2022-07-14,2022-07-19,2022-07-21,2022-07-24,Delhi,Nagpur,Standard,Critical,865.0,Long,20,12699.76,7,10,-3,0,0,7,0,On Time
ORD-00256,2022-04-07,2022-04-08,2022-04-16,2022-04-13,Mumbai,Vadodara,Standard,High,1577.0,Very Long,72,7588.28,9,6,3,0,0,4,1,Delayed
ORD-00257,2022-04-10,2022-04-14,2022-04-23,2022-04-19,Delhi,Agra,Standard,Medium,1969.0,Very Long,188,28118.46,13,9,4,0,1,4,1,Delayed
ORD-00258,2023-11-06,2023-11-11,2023-11-20,2023-11-19,Ahmedabad,Chandigarh,Economy,Critical,1465.0,Long,149,9654.79,14,13,1,1,0,11,1,Delayed
ORD-00259,2023-03-18,2023-03-21,2023-03-27,2023-03-29,Ahmedabad,Lucknow,Economy,High,1208.0,Long,115,2427.22,9,11,-2,0,1,3,0,On Time
ORD-00260,2022-12-29,2023-01-05,2023-01-12,2023-01-10,Delhi,Nagpur,Standard,High,1268.0,Long,127,2281.5,14,12,2,1,0,12,1,Delayed
ORD-00261,2023-03-10,2023-03-11,2023-03-12,2023-03-16,Pune,Lucknow,Standard,Low,450.0,Medium,189,41662.69,2,6,-4,0,0,3,0,On Time
ORD-00262,2023-02-25,2023-02-26,2023-02-27,2023-03-03,Hyderabad,Indore,Standard,Low,689.0,Medium,26,29776.77,2,6,-4,0,1,2,0,On Time
ORD-00263,2023-04-24,2023-04-26,2023-04-28,2023-05-01,Chennai,Bhopal,Standard,High,509.0,Medium,54,18225.22,4,7,-3,0,0,4,0,On Time
ORD-00264,2022-02-25,2022-02-27,2022-03-06,2022-03-04,Pune,Bhubaneswar,Standard,High,1004.0,Long,170,44764.29,9,7,2,0,0,2,1,Delayed
ORD-00265,2023-11-21,2023-11-22,2023-11-24,2023-11-30,Kolkata,Lucknow,Economy,High,519.0,Medium,139,3974.73,3,9,-6,1,0,11,0,On Time
ORD-00266,2023-11-01,2023-11-03,2023-11-06,2023-11-08,Chennai,Vadodara,Standard,Low,1095.0,Long,165,49025.94,5,7,-2,1,0,11,0,On Time
ORD-00267,2023-10-24,2023-10-29,2023-10-30,2023-11-01,Chennai,Chandigarh,Express,,1743.0,Very Long,125,31006.44,6,8,-2,1,0,10,0,On Time
ORD-00268,2022-04-11,2022-04-13,2022-04-22,2022-04-18,Hyderabad,Indore,Standard,High,2135.0,Very Long,11,9581.48,11,7,4,0,0,4,1,Delayed
ORD-00269,2022-03-04,2022-03-11,2022-03-24,2022-03-19,Kolkata,Bhubaneswar,Economy,Low,2327.0,Very Long,27,34113.92,20,15,5,0,0,3,1,Delayed
ORD-00270,2023-02-17,2023-02-17,2023-02-19,2023-02-18,Mumbai,Indore,Same Day,Medium,612.0,Medium,94,38287.37,2,1,1,0,0,2,1,Delayed
ORD-00271,2022-12-14,2022-12-15,2022-12-23,2022-12-23,Kolkata,Jaipur,Economy,Low,1849.0,Very Long,83,21752.47,9,9,0,1,0,12,0,On Time
ORD-00272,2022-04-22,2022-04-30,2022-05-01,2022-05-01,Mumbai,Patna,Same Day,Low,2124.0,Very Long,34,43150.81,9,9,0,0,0,4,0,On Time
ORD-00273,2022-09-12,2022-09-15,2022-09-16,2022-09-20,Bangalore,Agra,Standard,High,275.0,Short,38,7961.25,4,8,-4,0,0,9,0,On Time
ORD-00274,2022-07-16,2022-07-18,2022-07-21,2022-07-23,Bangalore,Surat,Standard,,847.0,Long,189,14302.46,5,7,-2,0,1,7,0,On Time
ORD-00275,2022-07-14,2022-07-20,2022-07-23,2022-07-23,Kolkata,Jaipur,Express,Medium,2381.0,Very Long,87,5127.87,9,9,0,0,0,7,0,On Time
ORD-00276,2023-07-04,2023-07-08,2023-07-10,2023-07-13,Delhi,Chandigarh,Standard,Medium,1009.0,Long,181,10938.45,6,9,-3,0,0,7,0,On Time
ORD-00277,2023-04-05,2023-04-06,2023-04-08,2023-04-09,Ahmedabad,Kochi,Express,High,1554.0,Very Long,65,12317.08,3,4,-1,0,0,4,0,On Time
ORD-00278,2022-05-24,2022-05-25,2022-05-26,2022-05-30,Kolkata,Visakhapatnam,Standard,Medium,502.0,Medium,131,45922.84,2,6,-4,0,0,5,0,On Time
ORD-00279,2023-03-09,2023-03-11,2023-03-13,2023-03-16,Pune,Vadodara,Standard,Medium,865.0,Long,195,4366.43,4,7,-3,0,0,3,0,On Time
ORD-00280,2022-07-07,2022-07-10,2022-07-12,2022-07-13,Pune,Vadodara,Express,Critical,708.0,Medium,156,21657.05,5,6,-1,0,0,7,0,On Time
ORD-00281,2022-10-13,2022-10-21,2022-10-22,2022-10-24,Hyderabad,Kochi,Express,,596.0,Medium,142,26853.74,9,11,-2,1,0,10,0,On Time
ORD-00282,2023-04-19,2023-04-19,2023-04-20,2023-04-20,Ahmedabad,Surat,Same Day,Critical,1265.0,Long,52,44985.31,1,1,0,0,0,4,0,On Time
ORD-00283,2022-09-13,2022-09-17,2022-09-18,2022-09-22,Ahmedabad,Indore,Standard,Low,66.0,Short,30,49885.96,5,9,-4,0,0,9,0,On Time
ORD-00284,2022-03-19,2022-03-24,2022-03-25,2022-03-27,Mumbai,Bhopal,Express,Medium,1293.0,Long,186,37792.71,6,8,-2,0,1,3,0,On Time
ORD-00285,2023-03-30,2023-04-04,2023-04-12,2023-04-09,Chennai,Visakhapatnam,Standard,Medium,2255.0,Very Long,182,48554.15,13,10,3,0,0,3,1,Delayed
ORD-00286,2023-07-18,2023-07-20,2023-07-24,2023-07-25,Hyderabad,Vadodara,Standard,Critical,1119.0,Long,197,39461.51,6,7,-1,0,0,7,0,On Time
ORD-00287,2022-04-11,2022-04-13,2022-04-15,2022-04-16,Pune,Chandigarh,Express,Medium,2196.0,Very Long,113,48178.53,4,5,-1,0,0,4,0,On Time
ORD-00288,2022-02-21,2022-02-23,2022-03-03,2022-02-28,Pune,Vadodara,Standard,Medium,1818.0,Very Long,143,35509.9,10,7,3,0,0,2,1,Delayed
ORD-00289,2023-10-30,2023-10-31,2023-11-02,2023-11-05,Bangalore,Surat,Standard,Critical,1110.0,Long,166,4448.29,3,6,-3,1,0,10,0,On Time
ORD-00290,2023-07-08,2023-07-13,2023-07-21,2023-07-18,Mumbai,Coimbatore,Standard,Medium,2377.0,Very Long,142,20395.05,13,10,3,0,1,7,1,Delayed
ORD-00291,2022-01-16,2022-01-16,2022-01-19,2022-01-21,Pune,Bhubaneswar,Standard,Medium,351.0,Medium,185,32506.57,3,5,-2,0,1,1,0,On Time
ORD-00292,2022-04-06,2022-04-07,2022-04-09,2022-04-12,Pune,Bhubaneswar,Standard,Medium,230.0,Short,187,17860.57,3,6,-3,0,0,4,0,On Time
ORD-00293,2022-08-31,2022-09-04,2022-09-06,2022-09-09,Mumbai,Kochi,Standard,High,656.0,Medium,8,14032.5,6,9,-3,0,0,8,0,On Time
ORD-00294,2022-06-20,2022-06-27,2022-06-29,2022-07-02,Pune,Vadodara,Standard,Low,749.0,Medium,72,29081.26,9,12,-3,0,0,6,0,On Time
ORD-00295,2023-02-21,2023-03-01,2023-03-06,2023-03-06,Chennai,Patna,Standard,Low,1042.0,Long,147,46708.34,13,13,0,0,0,2,0,On Time
ORD-00296,2023-05-13,2023-05-14,2023-05-17,2023-05-17,Delhi,Visakhapatnam,Express,Medium,1189.0,Long,32,2231.6,4,4,0,0,1,5,0,On Time
ORD-00297,2023-05-08,2023-05-11,2023-05-12,2023-05-16,Hyderabad,Vadodara,Standard,Medium,240.0,Short,95,38576.94,4,8,-4,0,0,5,0,On Time
ORD-00298,2022-08-07,2022-08-10,2022-08-17,2022-08-15,Chennai,Coimbatore,Standard,Critical,2350.0,Very Long,157,36275.0,10,8,2,0,1,8,1,Delayed
ORD-00299,2023-02-15,2023-02-19,2023-02-20,2023-02-24,Chennai,Vadodara,Standard,Critical,1030.0,Long,41,48215.69,5,9,-4,0,0,2,0,On Time
ORD-00300,2022-03-02,2022-03-06,2022-03-10,2022-03-09,Delhi,Indore,,High,2056.0,Very Long,75,46570.21,8,7,1,0,0,3,1,Delayed
ORD-00301,2022-06-18,2022-06-21,2022-06-27,2022-06-29,Bangalore,Kochi,Economy,High,1234.0,Long,45,38230.51,9,11,-2,0,1,6,0,On Time
ORD-00302,2023-01-24,2023-01-29,2023-01-31,2023-01-30,Ahmedabad,Bhopal,Same Day,High,177.0,Short,13,26260.23,7,6,1,0,0,1,1,Delayed
ORD-00303,2022-01-03,2022-01-05,2022-01-08,2022-01-06,Hyderabad,Visakhapatnam,Same Day,Low,2115.0,Very Long,155,10611.24,5,3,2,0,0,1,1,Delayed
ORD-00304,2023-02-04,2023-02-09,2023-02-15,2023-02-12,Bangalore,Agra,Express,High,1866.0,Very Long,19,27489.17,11,8,3,0,1,2,1,Delayed
ORD-00305,2022-09-29,2022-10-04,2022-10-07,2022-10-07,Bangalore,Agra,Express,Medium,1808.0,Very Long,154,38384.92,8,8,0,0,0,9,0,On Time
ORD-00306,2023-04-11,2023-04-15,2023-04-18,2023-04-18,Chennai,Surat,Express,Medium,619.0,Medium,53,44835.63,7,7,0,0,0,4,0,On Time
ORD-00307,2022-10-20,2022-10-25,2022-10-29,2022-10-30,Pune,Lucknow,,High,1396.0,Long,179,39590.74,9,10,-1,1,0,10,0,On Time
ORD-00308,2023-03-10,2023-03-12,2023-03-20,2023-03-17,Bangalore,Bhopal,Standard,Medium,1945.0,Very Long,165,10165.71,10,7,3,0,0,3,1,Delayed
ORD-00309,2023-12-15,2023-12-17,2023-12-18,2023-12-22,Delhi,Agra,Standard,High,675.0,Medium,137,30184.47,3,7,-4,1,0,12,0,On Time
ORD-00310,2023-07-24,2023-07-25,2023-08-03,2023-08-02,Ahmedabad,Visakhapatnam,Economy,Medium,1736.0,Very Long,180,16942.59,10,9,1,0,0,7,1,Delayed
ORD-00311,2023-11-09,2023-11-17,2023-11-18,2023-11-20,Hyderabad,Lucknow,Express,High,204.0,Short,182,955.68,9,11,-2,1,0,11,0,On Time
ORD-00312,2023-05-14,2023-05-19,2023-05-20,2023-05-20,Kolkata,Indore,Same Day,Low,1459.0,Long,3,10410.94,6,6,0,0,1,5,0,On Time
ORD-00313,2022-06-08,2022-06-09,2022-06-12,2022-06-14,Mumbai,Surat,Standard,High,834.0,Long,96,6104.42,4,6,-2,0,0,6,0,On Time
ORD-00314,2022-07-14,2022-07-19,2022-07-20,2022-07-22,Pune,Coimbatore,Express,High,295.0,Short,197,42214.6,6,8,-2,0,0,7,0,On Time
ORD-00315,2022-10-31,2022-11-04,2022-11-08,2022-11-09,Delhi,Bhubaneswar,Standard,Medium,1550.0,Very Long,136,13296.06,8,9,-1,1,0,10,0,On Time
ORD-00316,2022-08-11,2022-08-13,2022-08-20,2022-08-18,Mumbai,Coimbatore,Standard,Medium,1755.0,Very Long,14,14592.55,9,7,2,0,0,8,1,Delayed
ORD-00317,2022-03-01,2022-03-05,2022-03-08,2022-03-13,Ahmedabad,Coimbatore,Economy,Low,587.0,Medium,120,48016.86,7,12,-5,0,0,3,0,On Time
ORD-00318,2023-08-17,2023-08-21,2023-08-24,2023-08-24,Ahmedabad,Coimbatore,Express,Low,1940.0,Very Long,131,19264.79,7,7,0,0,0,8,0,On Time
ORD-00319,2023-07-10,2023-07-12,2023-07-18,2023-07-17,Kolkata,Bhubaneswar,Standard,High,1891.0,Very Long,152,974.49,8,7,1,0,0,7,1,Delayed
ORD-00320,2022-03-04,2022-03-07,2022-03-16,2022-03-15,Bangalore,Agra,Economy,,970.0,Long,13,14550.38,12,11,1,0,0,3,1,Delayed
ORD-00321,2022-11-18,2022-11-23,2022-11-27,2022-11-28,Chennai,Vadodara,Standard,Medium,574.0,Medium,171,6405.33,9,10,-1,1,0,11,0,On Time
ORD-00322,2022-02-28,2022-03-04,2022-03-14,2022-03-12,Chennai,Jaipur,Economy,High,1579.0,Very Long,157,5589.02,14,12,2,0,0,2,1,Delayed
ORD-00323,2022-02-21,2022-02-21,2022-02-22,2022-02-26,Hyderabad,Agra,Standard,High,85.0,Short,72,4335.62,1,5,-4,0,0,2,0,On Time
ORD-00324,2023-08-22,2023-08-24,2023-08-27,2023-08-29,Delhi,Bhubaneswar,Standard,Medium,734.0,Medium,179,29866.34,5,7,-2,0,0,8,0,On Time
ORD-00325,2023-05-04,2023-05-09,2023-05-10,2023-05-14,Delhi,Chandigarh,Standard,High,69.0,Short,170,9872.71,6,10,-4,0,0,5,0,On Time
ORD-00326,2023-05-30,2023-05-30,2023-06-06,2023-06-04,Bangalore,Jaipur,Standard,High,2418.0,Very Long,159,18381.52,7,5,2,0,0,5,1,Delayed
ORD-00327,2023-06-28,2023-06-30,2023-07-01,2023-07-05,Ahmedabad,Jaipur,Standard,Medium,449.0,Medium,191,43169.88,3,7,-4,0,0,6,0,On Time
ORD-00328,2022-06-11,2022-06-15,2022-06-16,2022-06-18,Hyderabad,Vadodara,Express,Medium,1021.0,Long,154,21504.74,5,7,-2,0,1,6,0,On Time
ORD-00329,2022-02-28,2022-03-07,2022-03-15,2022-03-15,Bangalore,Visakhapatnam,Economy,Low,1956.0,Very Long,146,45826.72,15,15,0,0,0,2,0,On Time
ORD-00330,2023-06-05,2023-06-09,2023-06-10,2023-06-10,Mumbai,Bhubaneswar,Same Day,Critical,1216.0,Long,82,25147.93,5,5,0,0,0,6,0,On Time
ORD-00331,2022-03-24,2022-03-28,2022-04-01,2022-04-02,Chennai,Kochi,Standard,Critical,1165.0,Long,57,20242.41,8,9,-1,0,0,3,0,On Time
ORD-00332,2022-07-10,2022-07-11,2022-07-14,2022-07-14,Chennai,Patna,Express,High,883.0,Long,7,37644.25,4,4,0,0,1,7,0,On Time
ORD-00333,2022-03-12,2022-03-13,2022-03-21,2022-03-18,Ahmedabad,Patna,Standard,Low,1873.0,Very Long,112,4122.17,9,6,3,0,1,3,1,Delayed
ORD-00334,2023-09-02,2023-09-05,2023-09-12,2023-09-10,Delhi,Visakhapatnam,Standard,Medium,2032.0,Very Long,48,4929.18,10,8,2,0,1,9,1,Delayed
ORD-00335,2022-03-11,2022-03-19,2022-03-20,2022-03-22,Ahmedabad,Chandigarh,Express,Low,903.0,Long,80,32772.7,9,11,-2,0,0,3,0,On Time
ORD-00336,2023-11-23,2023-11-26,2023-11-27,2023-11-29,Bangalore,Nagpur,Express,Low,100.0,Short,119,24603.57,4,6,-2,1,0,11,0,On Time
ORD-00337,2022-08-29,2022-08-30,2022-08-31,2022-09-04,Delhi,Kochi,Standard,High,624.0,Medium,120,39625.55,2,6,-4,0,0,8,0,On Time
ORD-00338,2023-02-18,2023-02-22,2023-02-24,2023-02-27,Hyderabad,Nagpur,Standard,Critical,1198.0,Long,60,45855.41,6,9,-3,0,1,2,0,On Time
ORD-00339,2022-05-03,2022-05-05,2022-05-15,2022-05-13,Bangalore,Vadodara,Economy,Critical,2247.0,Very Long,33,19724.16,12,10,2,0,0,5,1,Delayed
ORD-00340,2023-08-07,2023-08-12,2023-08-20,2023-08-17,Kolkata,Lucknow,Standard,High,2411.0,Very Long,115,30022.3,13,10,3,0,0,8,1,Delayed
ORD-00341,2022-09-10,2022-09-18,2022-09-21,2022-09-21,Mumbai,Coimbatore,Express,Low,2402.0,Very Long,128,25284.48,11,11,0,0,1,9,0,On Time
ORD-00342,2023-08-16,2023-08-23,2023-08-27,2023-08-26,Pune,Kochi,Express,Medium,1765.0,Very Long,3,49089.73,11,10,1,0,0,8,1,Delayed
ORD-00343,2023-09-01,2023-09-05,2023-09-07,2023-09-10,Kolkata,Visakhapatnam,Standard,Medium,731.0,Medium,4,41638.68,6,9,-3,0,0,9,0,On Time
ORD-00344,2022-02-10,2022-02-12,2022-02-15,2022-02-17,Bangalore,Surat,Standard,High,887.0,Long,100,45631.02,5,7,-2,0,0,2,0,On Time
ORD-00345,2023-09-27,2023-09-27,2023-10-02,2023-10-02,Kolkata,Nagpur,Standard,High,1127.0,Long,4,13089.83,5,5,0,0,0,9,0,On Time
ORD-00346,2022-03-25,2022-03-26,2022-03-27,2022-03-27,Delhi,Chandigarh,Same Day,Medium,2361.0,Very Long,42,38740.06,2,2,0,0,0,3,0,On Time
ORD-00347,2023-03-06,2023-03-11,2023-03-15,2023-03-14,Delhi,Chandigarh,Express,Medium,1645.0,Very Long,9,13640.92,9,8,1,0,0,3,1,Delayed
ORD-00348,2023-11-05,2023-11-07,2023-11-08,2023-11-10,Delhi,Kochi,Express,Low,54.0,Short,51,10832.76,3,5,-2,1,1,11,0,On Time
ORD-00349,2023-08-21,2023-08-23,2023-08-28,2023-08-31,Kolkata,Vadodara,Economy,Medium,1176.0,Long,145,47241.17,7,10,-3,0,0,8,0,On Time
ORD-00350,2023-08-02,2023-08-10,2023-08-13,2023-08-11,Ahmedabad,Jaipur,Same Day,Medium,1269.0,Long,145,1455.57,11,9,2,0,0,8,1,Delayed
ORD-00351,2023-06-20,2023-06-24,2023-06-27,2023-06-27,Mumbai,Surat,Express,Low,823.0,Long,97,48286.74,7,7,0,0,0,6,0,On Time
ORD-00352,2022-11-20,2022-11-21,2022-11-22,2022-11-24,Ahmedabad,Indore,Express,Medium,926.0,Long,20,7888.46,2,4,-2,1,1,11,0,On Time
ORD-00353,2022-09-25,2022-09-26,2022-09-28,2022-09-29,Delhi,Surat,Express,High,1041.0,Long,142,41062.19,3,4,-1,0,1,9,0,On Time
ORD-00354,2022-07-29,2022-07-30,2022-07-31,2022-08-02,Bangalore,Visakhapatnam,Express,Medium,96.0,Short,22,14158.17,2,4,-2,0,0,7,0,On Time
ORD-00355,2023-11-17,2023-11-20,2023-11-21,2023-11-23,Bangalore,Chandigarh,Express,Low,318.0,Medium,180,17859.77,4,6,-2,1,0,11,0,On Time
ORD-00356,2022-11-18,2022-11-19,2022-11-21,2022-11-22,Chennai,Lucknow,Express,Low,419.0,Medium,27,11229.51,3,4,-1,1,0,11,0,On Time
ORD-00357,2022-09-02,2022-09-04,2022-09-07,2022-09-09,Ahmedabad,Agra,Standard,Medium,685.0,Medium,43,29482.95,5,7,-2,0,0,9,0,On Time
ORD-00358,2022-09-29,2022-10-03,2022-10-08,2022-10-06,Mumbai,Vadodara,Express,Medium,1179.0,Long,131,17730.73,9,7,2,0,0,9,1,Delayed
ORD-00359,2023-02-10,2023-02-11,2023-02-15,2023-02-16,Bangalore,Coimbatore,Standard,Medium,1743.0,Very Long,94,33040.96,5,6,-1,0,0,2,0,On Time
ORD-00360,2022-05-15,2022-05-19,2022-05-25,2022-05-24,Chennai,Nagpur,Standard,Medium,1732.0,Very Long,8,1274.54,10,9,1,0,1,5,1,Delayed
ORD-00361,2023-11-19,2023-11-21,2023-11-22,2023-11-26,Mumbai,Nagpur,Standard,Medium,706.0,Medium,86,3686.56,3,7,-4,1,1,11,0,On Time
ORD-00362,2023-10-23,2023-10-28,2023-10-29,2023-10-31,Delhi,Lucknow,Express,High,169.0,Short,89,5433.23,6,8,-2,1,0,10,0,On Time
ORD-00363,2022-11-04,2022-11-07,2022-11-08,2022-11-10,Ahmedabad,Bhopal,Express,Medium,880.0,Long,138,21240.19,4,6,-2,1,0,11,0,On Time
ORD-00364,2023-04-14,2023-04-22,2023-04-29,2023-04-27,Pune,Coimbatore,Standard,High,1860.0,Very Long,113,40832.41,15,13,2,0,0,4,1,Delayed
ORD-00365,2022-11-20,2022-11-23,2022-11-24,2022-11-26,Hyderabad,Vadodara,Express,Medium,1131.0,Long,157,44464.81,4,6,-2,1,1,11,0,On Time
ORD-00366,2022-03-16,2022-03-16,2022-03-19,2022-03-19,Delhi,Vadodara,Express,Low,2024.0,Very Long,168,12618.13,3,3,0,0,0,3,0,On Time
ORD-00367,2022-01-10,2022-01-14,2022-01-17,2022-01-19,Bangalore,Agra,Standard,Medium,1419.0,Long,193,28931.3,7,9,-2,0,0,1,0,On Time
ORD-00368,2023-04-15,2023-04-16,2023-04-17,2023-04-19,Kolkata,Kochi,Express,Medium,790.0,Medium,21,38534.07,2,4,-2,0,1,4,0,On Time
ORD-00369,2023-09-29,2023-10-02,2023-10-04,2023-10-03,Pune,Visakhapatnam,Same Day,Critical,166.0,Short,152,14797.06,5,4,1,0,0,9,1,Delayed
ORD-00370,2023-07-31,2023-08-05,2023-08-07,2023-08-06,Kolkata,Chandigarh,Same Day,High,1903.0,Very Long,188,20745.88,7,6,1,0,0,7,1,Delayed
ORD-00371,2022-04-13,2022-04-21,2022-04-24,2022-04-24,Mumbai,Patna,Express,Critical,1200.0,Long,154,26436.72,11,11,0,0,0,4,0,On Time
ORD-00372,2022-03-17,2022-03-18,2022-03-24,2022-03-21,Kolkata,Bhubaneswar,Express,Critical,1981.0,Very Long,9,7176.3,7,4,3,0,0,3,1,Delayed
ORD-00373,2023-07-05,2023-07-08,2023-07-12,2023-07-13,Pune,Lucknow,Standard,High,1062.0,Long,148,1786.12,7,8,-1,0,0,7,0,On Time
ORD-00374,2022-08-07,2022-08-11,2022-08-16,2022-08-16,Pune,Lucknow,Standard,Medium,1714.0,Very Long,184,8063.89,9,9,0,0,1,8,0,On Time
ORD-00375,2023-06-03,2023-06-11,2023-06-15,2023-06-16,Delhi,Surat,Standard,Medium,1131.0,Long,36,31529.25,12,13,-1,0,1,6,0,On Time
ORD-00376,2022-09-29,2022-10-02,2022-10-05,2022-10-10,Chennai,Kochi,Economy,Critical,683.0,Medium,36,4144.1,6,11,-5,0,0,9,0,On Time
ORD-00377,2022-05-16,2022-05-17,2022-05-18,2022-05-22,Delhi,Kochi,Standard,High,562.0,Medium,73,9889.97,2,6,-4,0,0,5,0,On Time
ORD-00378,2022-12-24,2022-12-25,2022-12-27,2022-12-30,Mumbai,Vadodara,Standard,Low,1169.0,Long,150,17223.77,3,6,-3,1,1,12,0,On Time
ORD-00379,2022-03-12,2022-03-17,2022-03-24,2022-03-25,Bangalore,Patna,Economy,High,1191.0,Long,1,4354.57,12,13,-1,0,1,3,0,On Time
ORD-00380,2022-09-08,2022-09-10,2022-09-12,2022-09-18,Kolkata,Bhubaneswar,Economy,Low,609.0,Medium,69,9989.11,4,10,-6,0,0,9,0,On Time
ORD-00381,2023-01-14,2023-01-16,2023-01-17,2023-01-17,Chennai,Kochi,Same Day,Medium,537.0,Medium,37,45607.85,3,3,0,0,1,1,0,On Time
ORD-00382,2022-10-19,2022-10-23,2022-10-25,2022-10-28,Ahmedabad,Vadodara,Standard,Medium,946.0,Long,72,1455.31,6,9,-3,1,0,10,0,On Time
ORD-00383,2022-06-11,2022-06-13,2022-06-18,2022-06-18,Hyderabad,Jaipur,Standard,High,1262.0,Long,107,32844.88,7,7,0,0,1,6,0,On Time
ORD-00384,2023-03-25,2023-04-01,2023-04-02,2023-04-06,Pune,Chandigarh,Standard,High,753.0,Medium,96,19528.24,8,12,-4,0,1,3,0,On Time
ORD-00385,2023-07-11,2023-07-14,2023-07-19,2023-07-19,Chennai,Agra,Standard,Medium,1520.0,Very Long,141,33796.11,8,8,0,0,0,7,0,On Time
ORD-00386,2023-12-22,2023-12-23,2023-12-26,2023-12-28,Bangalore,Visakhapatnam,Standard,Low,630.0,Medium,84,29640.24,4,6,-2,1,0,12,0,On Time
ORD-00387,2022-11-06,2022-11-09,2022-11-15,2022-11-12,Ahmedabad,Jaipur,Express,Medium,2344.0,Very Long,43,11563.19,9,6,3,1,1,11,1,Delayed
ORD-00388,2023-09-19,2023-09-22,2023-09-23,2023-09-30,Chennai,Agra,Economy,High,203.0,Short,37,42436.87,4,11,-7,0,0,9,0,On Time
ORD-00389,2023-11-01,2023-11-03,2023-11-06,2023-11-08,Delhi,Bhopal,Standard,Medium,1729.0,Very Long,25,24851.05,5,7,-2,1,0,11,0,On Time
ORD-00390,2023-06-26,2023-07-01,2023-07-08,2023-07-04,Ahmedabad,Visakhapatnam,Express,Medium,1046.0,Long,149,41215.53,12,8,4,0,0,6,1,Delayed
ORD-00391,2022-01-09,2022-01-13,2022-01-18,2022-01-16,Hyderabad,Chandigarh,Express,Low,1293.0,Long,169,20597.62,9,7,2,0,1,1,1,Delayed
ORD-00392,2023-11-15,2023-11-18,2023-11-23,2023-11-23,Bangalore,Coimbatore,Standard,Medium,1142.0,Long,73,49241.93,8,8,0,1,0,11,0,On Time
ORD-00393,2023-07-22,2023-07-22,2023-07-23,2023-07-25,Pune,Indore,Express,Medium,1058.0,Long,170,38639.22,1,3,-2,0,1,7,0,On Time
ORD-00394,2022-11-03,2022-11-08,2022-11-15,2022-11-13,Bangalore,Chandigarh,Standard,High,2191.0,Very Long,42,48314.54,12,10,2,1,0,11,1,Delayed
ORD-00395,2023-11-11,2023-11-12,2023-11-17,2023-11-17,Mumbai,Chandigarh,Standard,Low,1823.0,Very Long,2,25959.16,6,6,0,1,1,11,0,On Time
ORD-00396,2022-04-17,2022-04-22,2022-04-25,2022-04-23,Mumbai,Patna,Same Day,High,1007.0,Long,196,23947.71,8,6,2,0,1,4,1,Delayed
ORD-00397,2022-05-18,2022-05-21,2022-05-23,2022-05-26,Chennai,Coimbatore,Standard,Medium,502.0,Medium,136,37894.96,5,8,-3,0,0,5,0,On Time
ORD-00398,2022-09-28,2022-10-01,2022-10-06,2022-10-09,Ahmedabad,Jaipur,Economy,Medium,1277.0,Long,96,44074.42,8,11,-3,0,0,9,0,On Time
ORD-00399,2022-04-29,2022-05-02,2022-05-09,2022-05-07,Chennai,Bhubaneswar,Standard,Medium,2315.0,Very Long,61,48225.22,10,8,2,0,0,4,1,Delayed
ORD-00400,2022-04-20,2022-04-22,2022-04-29,2022-04-25,Kolkata,Surat,Express,High,2438.0,Very Long,14,16565.32,9,5,4,0,0,4,1,Delayed
ORD-00401,2023-07-21,2023-07-23,2023-07-27,2023-07-26,Hyderabad,Vadodara,Express,Critical,600.0,Medium,113,40035.88,6,5,1,0,0,7,1,Delayed
ORD-00402,2022-06-09,2022-06-12,2022-06-20,2022-06-17,Pune,Patna,Standard,Critical,1685.0,Very Long,77,10926.96,11,8,3,0,0,6,1,Delayed
ORD-00403,2022-10-06,2022-10-06,2022-10-12,2022-10-11,Chennai,Chandigarh,Standard,Medium,1362.0,Long,21,27505.93,6,5,1,1,0,10,1,Delayed
ORD-00404,2022-10-16,2022-10-21,2022-10-24,2022-10-24,Kolkata,Surat,Express,Medium,1807.0,Very Long,152,9402.48,8,8,0,1,1,10,0,On Time
ORD-00405,2023-09-12,2023-09-16,2023-09-17,2023-09-24,Ahmedabad,Vadodara,Economy,High,406.0,Medium,178,17696.17,5,12,-7,0,0,9,0,On Time
ORD-00406,2022-08-04,2022-08-06,2022-08-17,2022-08-14,Hyderabad,Visakhapatnam,Economy,High,2120.0,Very Long,173,46602.24,13,10,3,0,0,8,1,Delayed
ORD-00407,2022-12-18,2022-12-21,2022-12-25,2022-12-24,Pune,Coimbatore,Express,Low,1835.0,Very Long,192,7731.49,7,6,1,1,1,12,1,Delayed
ORD-00408,2022-07-28,2022-08-04,2022-08-06,2022-08-05,Mumbai,Visakhapatnam,Same Day,High,1831.0,Very Long,64,31803.84,9,8,1,0,0,7,1,Delayed
ORD-00409,2023-12-05,2023-12-08,2023-12-11,2023-12-11,Kolkata,Agra,Express,Medium,1681.0,Very Long,154,29851.24,6,6,0,1,0,12,0,On Time
ORD-00410,2023-10-12,2023-10-13,2023-10-14,2023-10-14,Ahmedabad,Nagpur,Same Day,Low,1065.0,Long,160,6476.55,2,2,0,1,0,10,0,On Time
ORD-00411,2022-09-28,2022-09-30,2022-10-04,2022-10-03,Hyderabad,Surat,Express,Medium,1398.0,Long,57,16635.96,6,5,1,0,0,9,1,Delayed
ORD-00412,2023-06-02,2023-06-07,2023-06-09,2023-06-10,Kolkata,Lucknow,Express,Medium,565.0,Medium,119,28367.58,7,8,-1,0,0,6,0,On Time
ORD-00413,2023-05-16,2023-05-19,2023-05-22,2023-05-27,Chennai,Patna,Economy,Medium,385.0,Medium,181,9765.34,6,11,-5,0,0,5,0,On Time
ORD-00414,2022-09-15,2022-09-17,2022-09-25,2022-09-22,Delhi,Patna,Standard,Medium,1832.0,Very Long,161,40130.87,10,7,3,0,0,9,1,Delayed
ORD-00415,2022-02-22,2022-02-27,2022-03-12,2022-03-07,Mumbai,Lucknow,Economy,Low,2355.0,Very Long,52,48621.75,18,13,5,0,0,2,1,Delayed
ORD-00416,2022-04-05,2022-04-08,2022-04-09,2022-04-11,Chennai,Vadodara,Express,Low,546.0,Medium,95,11130.59,4,6,-2,0,0,4,0,On Time
ORD-00417,2023-10-12,2023-10-15,2023-10-18,2023-10-20,Chennai,Nagpur,Standard,Medium,945.0,Long,146,9752.14,6,8,-2,1,0,10,0,On Time
ORD-00418,2023-03-10,2023-03-12,2023-03-20,2023-03-17,Ahmedabad,Kochi,Standard,High,2257.0,Very Long,163,23019.29,10,7,3,0,0,3,1,Delayed
ORD-00419,2022-10-11,2022-10-16,2022-10-19,2022-10-21,Ahmedabad,Kochi,Standard,Medium,901.0,Long,140,37514.38,8,10,-2,1,0,10,0,On Time
ORD-00420,2022-02-15,2022-02-20,2022-02-25,2022-02-23,Hyderabad,Agra,Express,Low,1737.0,Very Long,179,14439.23,10,8,2,0,0,2,1,Delayed
ORD-00421,2022-01-04,2022-01-05,2022-01-16,2022-01-13,Ahmedabad,Kochi,Economy,Low,,,89,1484.06,12,9,3,0,0,1,1,Delayed
ORD-00422,2022-12-08,2022-12-13,2022-12-24,2022-12-18,Kolkata,Kochi,Standard,Critical,2477.0,Very Long,10,27290.42,16,10,6,1,0,12,1,Delayed
ORD-00423,2022-05-14,2022-05-19,2022-05-30,2022-05-27,Mumbai,Jaipur,Economy,Medium,1618.0,Very Long,52,47851.73,16,13,3,0,1,5,1,Delayed
ORD-00424,2023-10-15,2023-10-16,2023-10-21,2023-10-24,Chennai,Lucknow,Economy,Medium,1006.0,Long,34,19868.2,6,9,-3,1,1,10,0,On Time
ORD-00425,2022-09-26,2022-10-04,2022-10-05,2022-10-09,Hyderabad,Visakhapatnam,Standard,Low,1686.0,Very Long,115,21296.66,9,13,-4,0,0,9,0,On Time
ORD-00426,2022-06-15,2022-06-21,2022-06-30,2022-06-29,Bangalore,Nagpur,Economy,High,1341.0,Long,195,48460.63,15,14,1,0,0,6,1,Delayed
ORD-00427,2023-03-29,2023-04-02,2023-04-09,2023-04-10,Bangalore,Visakhapatnam,Economy,Medium,1490.0,Long,167,34883.08,11,12,-1,0,0,3,0,On Time
ORD-00428,2023-07-19,2023-07-20,2023-07-21,2023-07-21,Mumbai,Chandigarh,Same Day,Medium,1241.0,Long,136,36099.01,2,2,0,0,0,7,0,On Time
ORD-00429,2023-12-24,2023-12-27,2023-12-28,2023-12-28,Ahmedabad,Bhopal,Same Day,Low,1116.0,Long,125,28353.75,4,4,0,1,1,12,0,On Time
ORD-00430,2023-03-14,2023-03-19,2023-03-20,2023-03-27,Ahmedabad,Vadodara,Economy,Medium,334.0,Medium,157,48743.16,6,13,-7,0,0,3,0,On Time
ORD-00431,2023-07-29,2023-07-31,2023-08-06,2023-08-03,Kolkata,Patna,Express,,2494.0,Very Long,150,34598.89,8,5,3,0,1,7,1,Delayed
ORD-00432,2022-01-10,2022-01-14,2022-01-15,2022-01-19,Ahmedabad,Surat,Standard,High,61.0,Short,198,44804.12,5,9,-4,0,0,1,0,On Time
ORD-00433,2022-04-25,2022-04-25,2022-05-02,2022-05-03,Bangalore,Kochi,Economy,,1680.0,Very Long,189,35119.25,7,8,-1,0,0,4,0,On Time
ORD-00434,2022-03-19,2022-03-23,2022-03-25,2022-03-26,Chennai,Agra,Express,High,,,43,36888.23,6,7,-1,0,1,3,0,On Time
ORD-00435,2023-12-09,2023-12-15,2023-12-20,2023-12-18,Bangalore,Surat,Express,Low,2132.0,Very Long,177,14875.34,11,9,2,1,1,12,1,Delayed
ORD-00436,2022-06-02,2022-06-07,2022-06-08,2022-06-12,Pune,Bhopal,Standard,Medium,139.0,Short,29,15522.2,6,10,-4,0,0,6,0,On Time
ORD-00437,2023-07-13,2023-07-16,2023-07-17,2023-07-17,Chennai,Patna,Same Day,High,825.0,Long,106,39257.74,4,4,0,0,0,7,0,On Time
ORD-00438,2022-02-06,2022-02-11,2022-02-15,2022-02-16,Chennai,Indore,Standard,Medium,1675.0,Very Long,120,15186.96,9,10,-1,0,1,2,0,On Time
ORD-00439,2023-01-14,2023-01-16,2023-01-18,2023-01-24,Ahmedabad,Agra,Economy,High,467.0,Medium,81,28357.12,4,10,-6,0,1,1,0,On Time
ORD-00440,2023-08-20,2023-08-25,2023-08-26,2023-08-30,Mumbai,Visakhapatnam,Standard,Low,164.0,Short,31,12842.94,6,10,-4,0,1,8,0,On Time
ORD-00441,2023-07-20,2023-07-24,2023-07-28,2023-07-29,Ahmedabad,Bhubaneswar,Standard,Medium,666.0,Medium,181,40940.68,8,9,-1,0,0,7,0,On Time
ORD-00442,2022-06-01,2022-06-09,2022-06-10,2022-06-12,Mumbai,Nagpur,Express,High,875.0,Long,162,5969.82,9,11,-2,0,0,6,0,On Time
ORD-00443,2023-03-17,2023-03-21,2023-03-26,2023-03-26,Mumbai,Jaipur,Standard,High,1699.0,Very Long,128,41557.61,9,9,0,0,0,3,0,On Time
ORD-00444,2022-05-11,2022-05-15,2022-05-16,2022-05-18,Bangalore,Vadodara,Express,High,1566.0,Very Long,38,30335.13,5,7,-2,0,0,5,0,On Time
ORD-00445,2022-02-12,2022-02-16,2022-02-17,2022-02-24,Mumbai,Agra,Economy,Low,462.0,Medium,185,9752.02,5,12,-7,0,1,2,0,On Time
ORD-00446,2022-11-12,2022-11-17,2022-11-22,2022-11-25,Hyderabad,Surat,Economy,High,778.0,Medium,101,27330.75,10,13,-3,1,1,11,0,On Time
ORD-00447,2023-01-09,2023-01-14,2023-01-17,2023-01-19,Delhi,Kochi,Standard,Medium,725.0,Medium,132,14483.69,8,10,-2,0,0,1,0,On Time
ORD-00448,2022-02-10,2022-02-16,2022-02-23,2022-02-21,Ahmedabad,Lucknow,Standard,Medium,1942.0,Very Long,130,16511.63,13,11,2,0,0,2,1,Delayed
ORD-00449,2023-01-02,2023-01-05,2023-01-18,2023-01-13,Hyderabad,Surat,Economy,Critical,2289.0,Very Long,12,17900.64,16,11,5,0,0,1,1,Delayed
ORD-00450,2022-08-04,2022-08-05,2022-08-10,2022-08-13,Chennai,Patna,Economy,High,1172.0,Long,35,3634.3,6,9,-3,0,0,8,0,On Time
ORD-00451,2023-11-30,2023-12-04,2023-12-07,2023-12-07,Hyderabad,Indore,Express,Low,1621.0,Very Long,198,49305.1,7,7,0,1,0,11,0,On Time
ORD-00452,2022-09-13,2022-09-19,2022-09-24,2022-09-22,Kolkata,Agra,Express,High,1027.0,Long,110,2060.96,11,9,2,0,0,9,1,Delayed
ORD-00453,2023-11-14,2023-11-17,2023-11-20,2023-11-22,Pune,Nagpur,Standard,Low,1058.0,Long,72,33293.6,6,8,-2,1,0,11,0,On Time
ORD-00454,2022-04-16,2022-04-18,2022-04-30,2022-04-26,Mumbai,Lucknow,Economy,Low,2193.0,Very Long,149,18875.77,14,10,4,0,1,4,1,Delayed
ORD-00455,2022-12-29,2023-01-02,2023-01-05,2023-01-05,Ahmedabad,Bhubaneswar,Express,Medium,1737.0,Very Long,110,32477.51,7,7,0,1,0,12,0,On Time
ORD-00456,2023-07-28,2023-08-04,2023-08-05,2023-08-09,Kolkata,Patna,Standard,Critical,86.0,Short,61,18134.29,8,12,-4,0,0,7,0,On Time
ORD-00457,2023-02-21,2023-02-27,2023-03-01,2023-03-04,Ahmedabad,Indore,Standard,Low,1598.0,Very Long,163,33850.66,8,11,-3,0,0,2,0,On Time
ORD-00458,2023-09-28,2023-10-01,2023-10-12,2023-10-09,Bangalore,Lucknow,Economy,High,2376.0,Very Long,48,36597.16,14,11,3,0,0,9,1,Delayed
ORD-00459,2022-06-08,2022-06-13,2022-06-22,2022-06-18,Pune,Bhubaneswar,Standard,Low,2314.0,Very Long,143,34682.36,14,10,4,0,0,6,1,Delayed
ORD-00460,2022-08-31,2022-09-03,2022-09-07,2022-09-08,Kolkata,Surat,Standard,High,922.0,Long,71,6141.12,7,8,-1,0,0,8,0,On Time
ORD-00461,2022-06-16,2022-06-19,2022-06-24,2022-06-22,Ahmedabad,Patna,Express,Medium,1871.0,Very Long,143,33016.22,8,6,2,0,0,6,1,Delayed
ORD-00462,2022-07-01,2022-07-02,2022-07-05,2022-07-07,Chennai,Visakhapatnam,Standard,High,1346.0,Long,134,14359.38,4,6,-2,0,0,7,0,On Time
ORD-00463,2023-02-27,2023-03-02,2023-03-12,2023-03-07,Mumbai,Coimbatore,Standard,Medium,2159.0,Very Long,68,1925.67,13,8,5,0,0,2,1,Delayed
ORD-00464,2022-01-26,2022-02-01,2022-02-03,2022-02-09,Kolkata,Chandigarh,Economy,High,645.0,Medium,22,21034.12,8,14,-6,0,0,1,0,On Time
ORD-00465,2022-07-03,2022-07-03,2022-07-13,2022-07-11,Chennai,Coimbatore,Economy,Critical,1953.0,Very Long,32,21960.38,10,8,2,0,1,7,1,Delayed
ORD-00466,2022-12-07,2022-12-09,2022-12-13,2022-12-17,Mumbai,Bhubaneswar,Economy,High,778.0,Medium,123,23625.12,6,10,-4,1,0,12,0,On Time
ORD-00467,2023-02-26,2023-03-01,2023-03-08,2023-03-09,Delhi,Indore,Economy,Medium,1415.0,Long,22,35388.8,10,11,-1,0,1,2,0,On Time
ORD-00468,2023-11-17,2023-11-20,2023-11-23,2023-11-23,Chennai,Chandigarh,Express,Critical,446.0,Medium,155,15787.77,6,6,0,1,0,11,0,On Time
ORD-00469,2022-09-12,2022-09-15,2022-09-18,2022-09-23,Hyderabad,Chandigarh,Economy,Low,748.0,Medium,110,16106.39,6,11,-5,0,0,9,0,On Time
ORD-00470,2022-10-01,2022-10-01,2022-10-07,2022-10-06,Ahmedabad,Agra,Standard,High,2274.0,Very Long,15,3497.34,6,5,1,1,1,10,1,Delayed
ORD-00471,2022-06-13,2022-06-18,2022-06-21,2022-06-21,Bangalore,Jaipur,Express,High,1685.0,Very Long,124,34497.65,8,8,0,0,0,6,0,On Time
ORD-00472,2023-12-20,2023-12-24,2023-12-26,2024-01-01,Mumbai,Indore,Economy,Low,445.0,Medium,44,28607.39,6,12,-6,1,0,12,0,On Time
ORD-00473,2022-04-21,2022-04-24,2022-04-29,2022-04-29,Kolkata,Chandigarh,Standard,Medium,125.0,Short,115,17796.54,8,8,0,0,0,4,0,On Time
ORD-00474,2023-01-27,2023-01-30,2023-02-01,2023-02-04,Pune,Surat,Standard,Medium,314.0,Medium,9,35406.85,5,8,-3,0,0,1,0,On Time
ORD-00475,2022-02-09,2022-02-09,2022-02-12,2022-02-12,Kolkata,Patna,Express,Medium,1869.0,Very Long,34,27099.21,3,3,0,0,0,2,0,On Time
ORD-00476,2023-04-27,2023-04-29,2023-04-30,2023-05-04,Hyderabad,Patna,Standard,High,767.0,Medium,73,23727.62,3,7,-4,0,0,4,0,On Time
ORD-00477,2022-08-16,2022-08-21,2022-08-22,2022-08-26,Ahmedabad,Coimbatore,Standard,Medium,900.0,Long,143,25810.56,6,10,-4,0,0,8,0,On Time
ORD-00478,2022-07-24,2022-07-28,2022-08-03,2022-08-05,Hyderabad,Surat,Economy,Medium,1440.0,Long,190,31999.23,10,12,-2,0,1,7,0,On Time
ORD-00479,2023-04-17,2023-04-20,2023-04-21,2023-04-28,Kolkata,Jaipur,Economy,Medium,193.0,Short,45,33170.13,4,11,-7,0,0,4,0,On Time
ORD-00480,2022-12-25,2022-12-30,2023-01-03,2023-01-02,Bangalore,Nagpur,Express,Medium,934.0,Long,72,14803.41,9,8,1,1,1,12,1,Delayed
ORD-00481,2022-11-09,2022-11-10,2022-11-13,2022-11-15,Ahmedabad,Agra,Standard,Low,445.0,Medium,58,7466.8,4,6,-2,1,0,11,0,On Time
ORD-00482,2022-08-22,2022-08-27,2022-09-01,2022-09-01,Pune,Jaipur,Standard,High,1542.0,Very Long,115,8253.39,10,10,0,0,0,8,0,On Time
ORD-00483,2022-08-17,2022-08-19,2022-08-25,2022-08-27,Mumbai,Patna,Economy,Low,1217.0,Long,19,32149.85,8,10,-2,0,0,8,0,On Time
ORD-00484,2022-01-25,2022-01-28,2022-01-31,2022-01-31,Ahmedabad,Vadodara,Express,High,1112.0,Long,16,43707.23,6,6,0,0,0,1,0,On Time
ORD-00485,2023-11-07,2023-11-12,2023-11-19,2023-11-17,Chennai,Agra,Standard,Medium,2206.0,Very Long,75,20770.07,12,10,2,1,0,11,1,Delayed
ORD-00486,2022-07-17,2022-07-24,2022-07-29,2022-07-27,Ahmedabad,Nagpur,Express,Medium,,,106,8891.25,12,10,2,0,1,7,1,Delayed
ORD-00487,2023-02-13,2023-02-18,2023-02-22,2023-02-23,Hyderabad,Jaipur,Standard,High,1259.0,Long,136,37951.82,9,10,-1,0,0,2,0,On Time
ORD-00488,2022-12-03,2022-12-06,2022-12-11,2022-12-09,Hyderabad,Chandigarh,Express,Medium,2495.0,Very Long,161,41708.23,8,6,2,1,1,12,1,Delayed
ORD-00489,2022-10-13,2022-10-17,2022-10-18,2022-10-25,Hyderabad,Visakhapatnam,Economy,Medium,683.0,Medium,74,44088.83,5,12,-7,1,0,10,0,On Time
ORD-00490,2022-03-13,2022-03-14,2022-03-16,2022-03-17,Pune,Nagpur,Express,Low,1206.0,Long,18,30538.16,3,4,-1,0,1,3,0,On Time
ORD-00491,2022-10-13,2022-10-15,2022-10-19,2022-10-18,Ahmedabad,Visakhapatnam,Express,Medium,1288.0,Long,163,43106.06,6,5,1,1,0,10,1,Delayed
ORD-00492,2022-12-26,2022-12-26,2022-12-27,2022-12-31,Bangalore,Patna,Standard,Medium,782.0,Medium,43,1263.04,1,5,-4,1,0,12,0,On Time
ORD-00493,2023-10-19,2023-10-23,2023-10-24,2023-10-24,Bangalore,Agra,Same Day,Low,284.0,Short,50,5808.17,5,5,0,1,0,10,0,On Time
ORD-00494,2023-06-06,2023-06-09,2023-06-12,2023-06-12,Ahmedabad,Surat,Express,Medium,800.0,Medium,3,5082.52,6,6,0,0,0,6,0,On Time
ORD-00495,2023-02-14,2023-02-22,2023-02-23,2023-02-27,Bangalore,Kochi,Standard,Low,1003.0,Long,59,35773.93,9,13,-4,0,0,2,0,On Time
ORD-00496,2023-11-27,2023-11-29,2023-12-04,2023-12-02,Delhi,Visakhapatnam,Express,Medium,1592.0,Very Long,28,3944.3,7,5,2,1,0,11,1,Delayed
ORD-00497,2023-07-04,2023-07-09,2023-07-12,2023-07-14,Pune,Agra,Standard,Low,1247.0,Long,46,25070.04,8,10,-2,0,0,7,0,On Time
ORD-00498,2022-12-06,2022-12-08,2022-12-16,2022-12-16,Mumbai,Coimbatore,Economy,Low,1726.0,Very Long,64,23898.99,10,10,0,1,0,12,0,On Time
ORD-00499,2022-01-29,2022-02-03,2022-02-04,2022-02-06,Mumbai,Chandigarh,Express,Low,1241.0,Long,70,15879.82,6,8,-2,0,1,1,0,On Time
ORD-00500,2022-04-29,2022-05-01,2022-05-13,2022-05-09,Mumbai,Chandigarh,Economy,Critical,2267.0,Very Long,47,43585.06,14,10,4,0,0,4,1,Delayed
ORD-00501,2022-09-25,2022-09-30,2022-10-09,2022-10-05,Mumbai,Kochi,Standard,Low,1466.0,Long,142,8936.44,14,10,4,0,1,9,1,Delayed
ORD-00502,2022-07-02,2022-07-07,2022-07-09,2022-07-08,Mumbai,Bhubaneswar,Same Day,High,1267.0,Long,135,17946.91,7,6,1,0,1,7,1,Delayed
ORD-00503,2023-08-18,2023-08-21,2023-08-23,2023-08-24,Bangalore,Coimbatore,Express,Low,1590.0,Very Long,159,38821.49,5,6,-1,0,0,8,0,On Time
ORD-00504,2022-09-29,2022-10-03,2022-10-07,2022-10-04,Kolkata,Visakhapatnam,Same Day,Critical,2126.0,Very Long,106,2005.9,8,5,3,0,0,9,1,Delayed
ORD-00505,2022-02-09,2022-02-11,2022-02-16,2022-02-16,Hyderabad,Visakhapatnam,Standard,Low,1495.0,Long,81,33811.04,7,7,0,0,0,2,0,On Time
ORD-00506,2022-04-22,2022-04-24,2022-05-01,2022-04-27,Pune,Vadodara,Express,Critical,2436.0,Very Long,51,40911.69,9,5,4,0,0,4,1,Delayed
ORD-00507,2023-09-03,2023-09-05,2023-09-08,2023-09-06,Kolkata,Bhopal,Same Day,High,1569.0,Very Long,29,46647.26,5,3,2,0,1,9,1,Delayed
ORD-00508,2023-03-21,2023-03-29,2023-03-30,2023-04-03,Pune,Visakhapatnam,Standard,Low,1438.0,Long,113,43876.68,9,13,-4,0,0,3,0,On Time
ORD-00509,2022-12-20,2022-12-23,2022-12-28,2022-12-28,Delhi,Lucknow,Standard,High,1906.0,Very Long,143,16309.51,8,8,0,1,0,12,0,On Time
ORD-00510,2022-11-18,2022-11-20,2022-11-24,2022-11-23,Ahmedabad,Indore,Express,Medium,,,128,29525.02,6,5,1,1,0,11,1,Delayed
ORD-00511,2023-03-23,2023-03-25,2023-03-26,2023-03-28,Chennai,Jaipur,Express,Medium,549.0,Medium,90,4326.03,3,5,-2,0,0,3,0,On Time
ORD-00512,2023-09-13,2023-09-17,2023-09-21,2023-09-22,Hyderabad,Bhopal,Standard,High,1730.0,Very Long,25,13264.57,8,9,-1,0,0,9,0,On Time
ORD-00513,2023-06-08,2023-06-15,2023-06-16,2023-06-20,Delhi,Jaipur,Standard,Critical,560.0,Medium,189,5164.01,8,12,-4,0,0,6,0,On Time
ORD-00514,2022-04-29,2022-05-04,2022-05-05,2022-05-09,Kolkata,Agra,Standard,Medium,266.0,Short,41,16101.77,6,10,-4,0,0,4,0,On Time
ORD-00515,2023-01-30,2023-01-30,2023-01-31,2023-01-31,Chennai,Bhopal,Same Day,Medium,1374.0,Long,69,43821.77,1,1,0,0,0,1,0,On Time
ORD-00516,2023-08-14,2023-08-22,2023-08-28,2023-08-25,Ahmedabad,Agra,Express,High,1205.0,Long,4,17684.76,14,11,3,0,0,8,1,Delayed
ORD-00517,2022-07-14,2022-07-21,2022-08-01,2022-07-29,Delhi,Nagpur,Economy,High,1877.0,Very Long,105,28313.96,18,15,3,0,0,7,1,Delayed
ORD-00518,2022-09-18,2022-09-20,2022-10-03,2022-09-28,Ahmedabad,Surat,Economy,High,1860.0,Very Long,185,21952.35,15,10,5,0,1,9,1,Delayed
ORD-00519,2022-02-15,2022-02-20,2022-02-24,2022-02-23,Ahmedabad,Visakhapatnam,Express,High,1255.0,Long,31,23216.37,9,8,1,0,0,2,1,Delayed
ORD-00520,2023-12-27,2023-12-31,2024-01-09,2024-01-05,Bangalore,Visakhapatnam,Standard,Medium,2264.0,Very Long,131,48493.82,13,9,4,1,0,12,1,Delayed
ORD-00521,2023-03-23,2023-03-25,2023-03-28,2023-03-30,Pune,Indore,Standard,Critical,140.0,Short,117,15159.65,5,7,-2,0,0,3,0,On Time
ORD-00522,2022-01-02,2022-01-03,2022-01-06,2022-01-08,Chennai,Indore,Standard,Low,763.0,Medium,195,31552.56,4,6,-2,0,1,1,0,On Time
ORD-00523,2023-06-17,2023-06-20,2023-06-29,2023-06-28,Pune,Agra,Economy,Medium,1931.0,Very Long,90,21293.1,12,11,1,0,1,6,1,Delayed
ORD-00524,2023-07-06,2023-07-08,2023-07-10,2023-07-11,Ahmedabad,Jaipur,Express,Medium,88.0,Short,178,3526.74,4,5,-1,0,0,7,0,On Time
ORD-00525,2023-12-05,2023-12-08,2023-12-11,2023-12-13,Bangalore,Kochi,Standard,Medium,222.0,Short,145,24721.88,6,8,-2,1,0,12,0,On Time
ORD-00526,2023-11-18,2023-11-20,2023-11-22,2023-11-25,Delhi,Agra,Standard,Low,702.0,Medium,188,40760.49,4,7,-3,1,1,11,0,On Time
ORD-00527,2022-07-21,2022-07-24,2022-07-25,2022-07-27,Ahmedabad,Nagpur,Express,High,803.0,Long,66,5388.27,4,6,-2,0,0,7,0,On Time
ORD-00528,2023-01-08,2023-01-10,2023-01-13,2023-01-13,Kolkata,Bhubaneswar,Express,Medium,1293.0,Long,88,3944.8,5,5,0,0,1,1,0,On Time
ORD-00529,2023-03-18,2023-03-22,2023-03-27,2023-03-27,Ahmedabad,Indore,Standard,Medium,1131.0,Long,24,8104.76,9,9,0,0,1,3,0,On Time
ORD-00530,2022-03-13,2022-03-17,2022-03-27,2022-03-25,Pune,Lucknow,Economy,High,1733.0,Very Long,99,38337.81,14,12,2,0,1,3,1,Delayed
ORD-00531,2023-11-12,2023-11-15,2023-11-16,2023-11-18,Chennai,Visakhapatnam,Express,Medium,505.0,Medium,160,36337.77,4,6,-2,1,1,11,0,On Time
ORD-00532,2022-12-05,2022-12-06,2022-12-12,2022-12-11,Delhi,Agra,Standard,Low,878.0,Long,105,28468.38,7,6,1,1,0,12,1,Delayed
ORD-00533,2023-10-01,2023-10-06,2023-10-10,2023-10-14,Pune,Jaipur,Economy,Low,944.0,Long,19,23677.21,9,13,-4,1,1,10,0,On Time
ORD-00534,2022-11-18,2022-11-25,2022-11-29,2022-11-30,Ahmedabad,Chandigarh,Standard,Critical,1434.0,Long,66,44472.13,11,12,-1,1,0,11,0,On Time
ORD-00535,2023-11-11,2023-11-15,2023-11-24,2023-11-23,Kolkata,Lucknow,Economy,Low,2008.0,Very Long,60,38451.54,13,12,1,1,1,11,1,Delayed
ORD-00536,2022-05-08,2022-05-10,2022-05-26,2022-05-18,Hyderabad,Patna,Economy,Medium,2484.0,Very Long,115,40691.14,18,10,8,0,1,5,1,Delayed
ORD-00537,2022-11-04,2022-11-05,2022-11-07,2022-11-06,Bangalore,Jaipur,Same Day,Medium,2046.0,Very Long,194,40756.48,3,2,1,1,0,11,1,Delayed
ORD-00538,2023-06-04,2023-06-07,2023-06-08,2023-06-08,Kolkata,Jaipur,Same Day,Medium,2445.0,Very Long,15,32314.5,4,4,0,0,1,6,0,On Time
ORD-00539,2022-11-13,2022-11-15,2022-11-17,2022-11-20,Ahmedabad,Chandigarh,Standard,Low,239.0,Short,85,23171.72,4,7,-3,1,1,11,0,On Time
ORD-00540,2023-11-14,2023-11-19,2023-11-23,2023-11-27,Kolkata,Nagpur,Economy,Medium,554.0,Medium,163,43301.55,9,13,-4,1,0,11,0,On Time
ORD-00541,2023-02-23,2023-02-28,2023-03-02,2023-03-03,Bangalore,Chandigarh,Express,Medium,1264.0,Long,197,46337.37,7,8,-1,0,0,2,0,On Time
ORD-00542,2022-12-01,2022-12-06,2022-12-09,2022-12-07,Hyderabad,Coimbatore,Same Day,Critical,1581.0,Very Long,155,1678.4,8,6,2,1,0,12,1,Delayed
ORD-00543,2023-02-17,2023-02-21,2023-02-24,2023-03-01,Kolkata,Indore,Economy,Low,873.0,Long,88,3051.97,7,12,-5,0,0,2,0,On Time
ORD-00544,2023-12-15,2023-12-20,2023-12-24,2023-12-28,Hyderabad,Surat,Economy,Medium,978.0,Long,7,47957.79,9,13,-4,1,0,12,0,On Time
ORD-00545,2022-10-30,2022-10-31,2022-11-02,2022-11-08,Ahmedabad,Jaipur,Economy,Medium,983.0,Long,6,14219.45,3,9,-6,1,1,10,0,On Time
ORD-00546,2023-07-22,2023-07-24,2023-07-26,2023-07-29,Hyderabad,Patna,Standard,Medium,1190.0,Long,125,43731.79,4,7,-3,0,1,7,0,On Time
ORD-00547,2022-05-11,2022-05-18,2022-05-22,2022-05-26,Pune,Kochi,Economy,High,183.0,Short,33,19745.36,11,15,-4,0,0,5,0,On Time
ORD-00548,2022-07-16,2022-07-19,2022-07-26,2022-07-22,Pune,Vadodara,Express,Medium,2155.0,Very Long,58,6395.45,10,6,4,0,1,7,1,Delayed
ORD-00549,2023-03-07,2023-03-09,2023-03-13,2023-03-17,Hyderabad,Jaipur,Economy,Medium,734.0,Medium,177,4481.94,6,10,-4,0,0,3,0,On Time
ORD-00550,2023-11-12,2023-11-16,2023-11-23,2023-11-19,Delhi,Chandigarh,Express,High,2270.0,Very Long,145,8247.14,11,7,4,1,1,11,1,Delayed
ORD-00551,2023-01-24,2023-01-25,2023-01-31,2023-01-30,Chennai,Bhopal,Standard,Medium,1902.0,Very Long,110,12869.71,7,6,1,0,0,1,1,Delayed
ORD-00552,2023-11-25,2023-11-27,2023-11-30,2023-12-02,Delhi,Jaipur,Standard,Medium,864.0,Long,42,24681.66,5,7,-2,1,1,11,0,On Time
ORD-00553,2022-06-28,2022-07-01,2022-07-04,2022-07-04,Hyderabad,Jaipur,Express,Low,1222.0,Long,94,35224.15,6,6,0,0,0,6,0,On Time
ORD-00554,2023-09-23,2023-09-25,2023-09-26,2023-09-26,Chennai,Agra,Same Day,Low,129.0,Short,168,49326.73,3,3,0,0,1,9,0,On Time
ORD-00555,2023-08-06,2023-08-10,2023-08-11,2023-08-15,Pune,Vadodara,Standard,Low,252.0,Short,174,22354.58,5,9,-4,0,1,8,0,On Time
ORD-00556,2022-11-05,2022-11-08,2022-11-12,2022-11-11,Chennai,Coimbatore,Express,Low,1302.0,Long,199,26150.15,7,6,1,1,1,11,1,Delayed
ORD-00557,2023-02-20,2023-02-21,2023-02-27,2023-02-26,Hyderabad,Patna,Standard,Medium,1749.0,Very Long,198,26329.88,7,6,1,0,0,2,1,Delayed
ORD-00558,2023-07-16,2023-07-19,2023-07-27,2023-07-27,Pune,Coimbatore,Economy,High,1300.0,Long,196,27202.0,11,11,0,0,1,7,0,On Time
ORD-00559,2022-01-01,2022-01-04,2022-01-09,2022-01-07,Chennai,Patna,Express,Medium,1732.0,Very Long,129,26128.16,8,6,2,0,1,1,1,Delayed
ORD-00560,2022-11-08,2022-11-12,2022-11-18,2022-11-17,Chennai,Jaipur,Standard,Medium,1605.0,Very Long,79,934.35,10,9,1,1,0,11,1,Delayed
ORD-00561,2022-10-21,2022-10-23,2022-10-29,2022-10-28,Delhi,Vadodara,Standard,Low,2144.0,Very Long,95,585.38,8,7,1,1,0,10,1,Delayed
ORD-00562,2022-08-04,2022-08-11,2022-08-13,2022-08-16,Chennai,Vadodara,Standard,Medium,1306.0,Long,111,5334.48,9,12,-3,0,0,8,0,On Time
ORD-00563,2023-03-17,2023-03-21,2023-03-24,2023-03-24,Ahmedabad,Bhopal,Express,Low,1599.0,Very Long,97,5527.05,7,7,0,0,0,3,0,On Time
ORD-00564,2023-08-17,2023-08-18,2023-08-22,2023-08-23,Hyderabad,Surat,Standard,Critical,1216.0,Long,180,35392.4,5,6,-1,0,0,8,0,On Time
ORD-00565,2023-09-14,2023-09-19,2023-09-24,2023-09-24,Mumbai,Bhubaneswar,Standard,High,1446.0,Long,163,10643.34,10,10,0,0,0,9,0,On Time
ORD-00566,2023-11-02,2023-11-10,2023-11-13,2023-11-18,Mumbai,Bhopal,,Critical,520.0,Medium,119,44788.35,11,16,-5,1,0,11,0,On Time
ORD-00567,2022-11-26,2022-11-29,2022-12-08,2022-12-07,Mumbai,Bhopal,Economy,High,1085.0,Long,69,46466.01,12,11,1,1,1,11,1,Delayed
ORD-00568,2023-04-22,2023-04-26,2023-04-27,2023-04-29,Hyderabad,Bhopal,,Medium,1403.0,Long,133,48806.72,5,7,-2,0,1,4,0,On Time
ORD-00569,2023-03-29,2023-03-31,2023-04-02,2023-04-08,Mumbai,Visakhapatnam,Economy,Medium,1017.0,Long,145,46984.52,4,10,-6,0,0,3,0,On Time
ORD-00570,2023-03-29,2023-04-02,2023-04-04,2023-04-07,Delhi,Surat,Standard,Low,407.0,Medium,181,13958.47,6,9,-3,0,0,3,0,On Time
ORD-00571,2023-11-23,2023-11-27,2023-11-28,2023-11-30,Hyderabad,Nagpur,,Medium,717.0,Medium,52,25733.95,5,7,-2,1,0,11,0,On Time
ORD-00572,2022-08-07,2022-08-15,2022-08-16,2022-08-18,Ahmedabad,Nagpur,Express,Critical,422.0,Medium,142,9185.02,9,11,-2,0,1,8,0,On Time
ORD-00573,2023-06-08,2023-06-09,2023-06-12,2023-06-12,Pune,Bhopal,Express,Low,1081.0,Long,122,40407.38,4,4,0,0,0,6,0,On Time
ORD-00574,2023-04-30,2023-04-30,2023-05-06,2023-05-05,Ahmedabad,Bhubaneswar,Standard,High,1195.0,Long,29,44477.37,6,5,1,0,1,4,1,Delayed
ORD-00575,2022-06-23,2022-06-24,2022-06-25,2022-06-27,Hyderabad,Coimbatore,Express,Medium,1421.0,Long,136,42638.8,2,4,-2,0,0,6,0,On Time
ORD-00576,2023-11-06,2023-11-08,2023-11-09,2023-11-11,Hyderabad,Chandigarh,Express,High,139.0,Short,104,21951.66,3,5,-2,1,0,11,0,On Time
ORD-00577,2022-03-28,2022-03-31,2022-04-01,2022-04-01,Chennai,Lucknow,Same Day,Critical,589.0,Medium,1,38054.36,4,4,0,0,0,3,0,On Time
ORD-00578,2022-10-18,2022-10-23,2022-10-27,2022-10-28,Chennai,Nagpur,Standard,High,918.0,Long,29,5330.17,9,10,-1,1,0,10,0,On Time
ORD-00579,2023-06-12,2023-06-13,2023-06-17,2023-06-18,Chennai,Kochi,Standard,High,90.0,Short,164,2492.12,5,6,-1,0,0,6,0,On Time
ORD-00580,2023-11-11,2023-11-18,2023-11-22,2023-11-23,Bangalore,Patna,Standard,Medium,789.0,Medium,179,37785.2,11,12,-1,1,1,11,0,On Time
ORD-00581,2023-10-11,2023-10-16,2023-10-23,2023-10-21,Bangalore,Vadodara,Standard,High,1996.0,Very Long,165,21555.09,12,10,2,1,0,10,1,Delayed
ORD-00582,2023-09-27,2023-09-30,2023-10-01,2023-10-03,Kolkata,Surat,Express,Critical,1274.0,Long,69,49779.69,4,6,-2,0,0,9,0,On Time
ORD-00583,2022-12-10,2022-12-11,2022-12-13,2022-12-16,Bangalore,Agra,Standard,High,978.0,Long,53,5314.08,3,6,-3,1,1,12,0,On Time
ORD-00584,2022-04-06,2022-04-14,2022-04-24,2022-04-22,Delhi,Surat,,High,2086.0,Very Long,124,42853.57,18,16,2,0,0,4,1,Delayed
ORD-00585,2022-08-29,2022-08-31,2022-09-04,2022-09-05,Hyderabad,Lucknow,Standard,High,974.0,Long,180,24259.16,6,7,-1,0,0,8,0,On Time
ORD-00586,2023-11-20,2023-11-23,2023-11-29,2023-11-28,Ahmedabad,Nagpur,Standard,High,1631.0,Very Long,88,41443.93,9,8,1,1,0,11,1,Delayed
ORD-00587,2022-11-14,2022-11-21,2022-11-22,2022-11-24,Hyderabad,Bhubaneswar,Express,Medium,439.0,Medium,83,40947.8,8,10,-2,1,0,11,0,On Time
ORD-00588,2022-08-19,2022-08-23,2022-08-28,2022-08-28,Chennai,Bhubaneswar,Standard,High,1667.0,Very Long,12,45841.6,9,9,0,0,0,8,0,On Time
ORD-00589,2022-07-23,2022-07-25,2022-07-27,2022-07-28,Hyderabad,Patna,Express,Medium,305.0,Medium,52,15243.58,4,5,-1,0,1,7,0,On Time
ORD-00590,2022-05-31,2022-06-03,2022-06-05,2022-06-06,Pune,Bhopal,Express,Low,758.0,Medium,129,47515.07,5,6,-1,0,0,5,0,On Time
ORD-00591,2022-01-26,2022-01-30,2022-02-06,2022-02-04,Bangalore,Chandigarh,Standard,Medium,1888.0,Very Long,135,8007.51,11,9,2,0,0,1,1,Delayed
ORD-00592,2022-02-17,2022-02-19,2022-02-26,2022-02-24,Hyderabad,Agra,Standard,Medium,1994.0,Very Long,145,4557.45,9,7,2,0,0,2,1,Delayed
ORD-00593,2022-09-08,2022-09-11,2022-09-14,2022-09-16,Ahmedabad,Nagpur,Standard,Low,59.0,Short,127,21864.97,6,8,-2,0,0,9,0,On Time
ORD-00594,2023-05-02,2023-05-05,2023-05-08,2023-05-10,Mumbai,Bhubaneswar,Standard,Low,847.0,Long,171,41501.99,6,8,-2,0,0,5,0,On Time
ORD-00595,2023-09-18,2023-09-19,2023-09-22,2023-09-24,Pune,Agra,Standard,Medium,926.0,Long,71,23934.35,4,6,-2,0,0,9,0,On Time
ORD-00596,2022-03-16,2022-03-19,2022-03-21,2022-03-24,Pune,Lucknow,Standard,Low,1078.0,Long,17,41549.69,5,8,-3,0,0,3,0,On Time
ORD-00597,2023-04-12,2023-04-15,2023-04-19,2023-04-20,Hyderabad,Patna,Standard,Medium,1065.0,Long,187,36619.5,7,8,-1,0,0,4,0,On Time
ORD-00598,2023-03-01,2023-03-02,2023-03-03,2023-03-05,Kolkata,Jaipur,Express,High,1874.0,Very Long,3,10866.71,2,4,-2,0,0,3,0,On Time
ORD-00599,2023-10-07,2023-10-08,2023-10-09,2023-10-11,Chennai,Patna,Express,Critical,423.0,Medium,29,47469.64,2,4,-2,1,1,10,0,On Time
ORD-00600,2023-08-13,2023-08-15,2023-08-19,2023-08-18,Delhi,Agra,Express,High,2243.0,Very Long,22,3508.67,6,5,1,0,1,8,1,Delayed
ORD-00601,2022-07-19,2022-07-22,2022-07-23,2022-07-27,Delhi,Visakhapatnam,Standard,Critical,273.0,Short,166,44964.85,4,8,-4,0,0,7,0,On Time
ORD-00602,2023-12-15,2023-12-22,2023-12-25,2023-12-27,Mumbai,Bhubaneswar,Standard,High,1312.0,Long,54,15569.95,10,12,-2,1,0,12,0,On Time
ORD-00603,2023-01-29,2023-01-31,2023-02-13,2023-02-08,Delhi,Jaipur,Economy,Medium,2274.0,Very Long,107,25257.33,15,10,5,0,1,1,1,Delayed
ORD-00604,2023-05-22,2023-05-27,2023-05-31,2023-05-30,Delhi,Vadodara,Express,High,1852.0,Very Long,178,21406.42,9,8,1,0,0,5,1,Delayed
ORD-00605,2023-02-14,2023-02-22,2023-02-27,2023-03-02,Chennai,Kochi,Economy,High,902.0,Long,69,9005.81,13,16,-3,0,0,2,0,On Time
ORD-00606,2022-09-07,2022-09-12,2022-09-13,2022-09-17,Bangalore,Indore,Standard,Medium,112.0,Short,158,18228.27,6,10,-4,0,0,9,0,On Time
ORD-00607,2022-06-01,2022-06-02,2022-06-05,2022-06-05,Chennai,Patna,Express,Low,1290.0,Long,151,10050.25,4,4,0,0,0,6,0,On Time
ORD-00608,2023-11-03,2023-11-06,2023-11-09,2023-11-09,Kolkata,Lucknow,Express,High,738.0,Medium,120,10592.38,6,6,0,1,0,11,0,On Time
ORD-00609,2023-12-06,2023-12-11,2023-12-16,2023-12-16,Ahmedabad,Lucknow,Standard,Low,1534.0,Very Long,47,9759.31,10,10,0,1,0,12,0,On Time
ORD-00610,2022-01-06,2022-01-08,2022-01-09,2022-01-11,Mumbai,Visakhapatnam,Express,,1683.0,Very Long,149,24706.36,3,5,-2,0,0,1,0,On Time
ORD-00611,2022-04-20,2022-04-25,2022-05-02,2022-04-28,Delhi,Chandigarh,Express,Low,2202.0,Very Long,20,39997.6,12,8,4,0,0,4,1,Delayed
ORD-00612,2023-03-12,2023-03-15,2023-03-17,2023-03-20,Kolkata,Bhopal,Standard,Medium,560.0,Medium,151,28664.02,5,8,-3,0,1,3,0,On Time
ORD-00613,2022-08-13,2022-08-21,2022-08-22,2022-08-26,Mumbai,Patna,Standard,Medium,434.0,Medium,196,44713.73,9,13,-4,0,1,8,0,On Time
ORD-00614,2022-06-30,2022-07-05,2022-07-06,2022-07-06,Pune,Bhubaneswar,Same Day,Low,454.0,Medium,149,32008.95,6,6,0,0,0,6,0,On Time
ORD-00615,2023-12-14,2023-12-21,2023-12-24,2023-12-29,Delhi,Indore,Economy,Medium,567.0,Medium,21,34622.34,10,15,-5,1,0,12,0,On Time
ORD-00616,2023-06-15,2023-06-18,2023-06-20,2023-06-23,Delhi,Vadodara,Standard,High,525.0,Medium,1,33546.56,5,8,-3,0,0,6,0,On Time
ORD-00617,2023-04-21,2023-04-25,2023-05-04,2023-04-30,Chennai,Visakhapatnam,Standard,High,2050.0,Very Long,143,22748.23,13,9,4,0,0,4,1,Delayed
ORD-00618,2022-02-21,2022-02-24,2022-03-01,2022-03-01,Hyderabad,Nagpur,Standard,High,1718.0,Very Long,17,34622.27,8,8,0,0,0,2,0,On Time
ORD-00619,2023-07-25,2023-07-30,2023-08-02,2023-08-02,Mumbai,Bhubaneswar,Express,Medium,1943.0,Very Long,51,3950.53,8,8,0,0,0,7,0,On Time
ORD-00620,2022-09-13,2022-09-16,2022-09-22,2022-09-21,Delhi,Lucknow,Standard,High,1510.0,Very Long,191,43062.65,9,8,1,0,0,9,1,Delayed
ORD-00621,2022-05-05,2022-05-09,2022-05-14,2022-05-17,Bangalore,Kochi,Economy,Medium,763.0,Medium,14,39001.7,9,12,-3,0,0,5,0,On Time
ORD-00622,2023-04-13,2023-04-16,2023-04-17,2023-04-21,Mumbai,Bhubaneswar,Standard,Medium,132.0,Short,59,12638.88,4,8,-4,0,0,4,0,On Time
ORD-00623,2022-05-17,2022-05-21,2022-05-26,2022-05-26,Ahmedabad,Surat,,Low,1218.0,Long,83,38517.61,9,9,0,0,0,5,0,On Time
ORD-00624,2023-04-21,2023-04-26,2023-04-30,2023-04-29,Bangalore,Coimbatore,Express,Medium,1951.0,Very Long,50,1125.81,9,8,1,0,0,4,1,Delayed
ORD-00625,2023-11-15,2023-11-19,2023-11-30,2023-11-27,Kolkata,Lucknow,Economy,Medium,,,124,11253.71,15,12,3,1,0,11,1,Delayed
ORD-00626,2023-06-28,2023-06-28,2023-06-30,2023-07-01,Bangalore,Patna,Express,Low,100.0,Short,34,3724.29,2,3,-1,0,0,6,0,On Time
ORD-00627,2023-07-27,2023-08-01,2023-08-03,2023-08-04,Kolkata,Vadodara,Express,High,734.0,Medium,6,39121.23,7,8,-1,0,0,7,0,On Time
ORD-00628,2023-09-02,2023-09-05,2023-09-09,2023-09-13,Hyderabad,Kochi,Economy,High,766.0,Medium,109,37915.77,7,11,-4,0,1,9,0,On Time
ORD-00629,2022-11-21,2022-11-23,2022-11-30,2022-11-28,Delhi,Surat,Standard,Medium,1519.0,Very Long,49,40774.98,9,7,2,1,0,11,1,Delayed
ORD-00630,2023-03-30,2023-03-31,2023-04-01,2023-04-08,Bangalore,Jaipur,Economy,Low,498.0,Medium,6,721.84,2,9,-7,0,0,3,0,On Time
ORD-00631,2023-09-20,2023-09-25,2023-10-01,2023-09-30,Ahmedabad,Indore,Standard,Medium,930.0,Long,117,25311.02,11,10,1,0,0,9,1,Delayed
ORD-00632,2023-06-01,2023-06-02,2023-06-03,2023-06-03,Chennai,Lucknow,Same Day,Medium,537.0,Medium,118,35389.39,2,2,0,0,0,6,0,On Time
ORD-00633,2023-03-13,2023-03-17,2023-03-20,2023-03-20,Delhi,Patna,Express,High,1873.0,Very Long,197,8192.36,7,7,0,0,0,3,0,On Time
ORD-00634,2023-07-16,2023-07-16,2023-07-23,2023-07-21,Mumbai,Surat,Standard,Medium,2131.0,Very Long,7,32664.64,7,5,2,0,1,7,1,Delayed
ORD-00635,2023-04-02,2023-04-06,2023-04-17,2023-04-14,Pune,Vadodara,Economy,High,2192.0,Very Long,97,4663.45,15,12,3,0,1,4,1,Delayed
ORD-00636,2022-06-12,2022-06-17,2022-06-24,2022-06-22,Kolkata,Vadodara,Standard,High,1624.0,Very Long,179,9475.63,12,10,2,0,1,6,1,Delayed
ORD-00637,2023-05-02,2023-05-02,2023-05-08,2023-05-07,Mumbai,Surat,Standard,Medium,2251.0,Very Long,118,24051.94,6,5,1,0,0,5,1,Delayed
ORD-00638,2023-04-06,2023-04-12,2023-04-13,2023-04-15,Hyderabad,Bhopal,Express,Critical,299.0,Short,129,32851.48,7,9,-2,0,0,4,0,On Time
ORD-00639,2022-09-23,2022-09-28,2022-09-30,2022-10-03,Kolkata,Surat,Standard,Medium,723.0,Medium,141,7720.52,7,10,-3,0,0,9,0,On Time
ORD-00640,2022-09-11,2022-09-16,2022-09-17,2022-09-19,Chennai,Indore,Express,Medium,487.0,Medium,171,9668.55,6,8,-2,0,1,9,0,On Time
ORD-00641,2023-10-15,2023-10-18,2023-10-25,2023-10-23,Kolkata,Kochi,Standard,Medium,,,27,10620.1,10,8,2,1,1,10,1,Delayed
ORD-00642,2022-10-11,2022-10-14,2022-10-17,2022-10-19,Pune,Visakhapatnam,Standard,Low,820.0,Long,199,12315.69,6,8,-2,1,0,10,0,On Time
ORD-00643,2023-06-18,2023-06-25,2023-06-26,2023-06-30,Bangalore,Kochi,Standard,Low,317.0,Medium,116,11714.42,8,12,-4,0,1,6,0,On Time
ORD-00644,2023-05-12,2023-05-14,2023-05-20,2023-05-19,Ahmedabad,Surat,Standard,Medium,2034.0,Very Long,131,20059.88,8,7,1,0,0,5,1,Delayed
ORD-00645,2023-10-04,2023-10-09,2023-10-12,2023-10-12,Bangalore,Patna,Express,High,1127.0,Long,58,32862.59,8,8,0,1,0,10,0,On Time
ORD-00646,2022-09-02,2022-09-04,2022-09-06,2022-09-05,Delhi,Lucknow,Same Day,Critical,285.0,Short,89,22182.57,4,3,1,0,0,9,1,Delayed
ORD-00647,2022-10-09,2022-10-11,2022-10-12,2022-10-19,Pune,Patna,Economy,High,438.0,Medium,97,38910.71,3,10,-7,1,1,10,0,On Time
ORD-00648,2023-03-27,2023-04-03,2023-04-06,2023-04-11,Ahmedabad,Agra,Economy,Low,812.0,Long,17,36103.79,10,15,-5,0,0,3,0,On Time
ORD-00649,2022-03-21,2022-03-22,2022-03-29,2022-03-27,Pune,Visakhapatnam,,High,1898.0,Very Long,173,6763.08,8,6,2,0,0,3,1,Delayed
ORD-00650,2024-01-01,2024-01-04,2024-01-09,2024-01-07,Delhi,Coimbatore,Express,High,2498.0,Very Long,101,2917.66,8,6,2,0,0,1,1,Delayed
ORD-00651,2022-10-20,2022-10-21,2022-10-24,2022-10-26,Kolkata,Chandigarh,Standard,High,673.0,Medium,186,43958.11,4,6,-2,1,0,10,0,On Time
ORD-00652,2022-08-29,2022-08-30,2022-09-02,2022-09-04,Hyderabad,Lucknow,Standard,High,1302.0,Long,184,4451.64,4,6,-2,0,0,8,0,On Time
ORD-00653,2022-10-06,2022-10-07,2022-10-08,2022-10-10,Delhi,Jaipur,Express,High,627.0,Medium,182,7842.79,2,4,-2,1,0,10,0,On Time
ORD-00654,2022-12-10,2022-12-13,2022-12-19,2022-12-18,Delhi,Coimbatore,Standard,Medium,2172.0,Very Long,29,1595.6,9,8,1,1,1,12,1,Delayed
ORD-00655,2022-11-24,2022-12-01,2022-12-02,2022-12-06,Ahmedabad,Agra,,High,484.0,Medium,102,31602.65,8,12,-4,1,0,11,0,On Time
ORD-00656,2023-07-08,2023-07-11,2023-07-22,2023-07-19,Chennai,Indore,Economy,Medium,2200.0,Very Long,123,29327.34,14,11,3,0,1,7,1,Delayed
ORD-00657,2022-03-24,2022-03-25,2022-03-26,2022-03-28,Bangalore,Coimbatore,Express,Critical,813.0,Long,54,49351.73,2,4,-2,0,0,3,0,On Time
ORD-00658,2022-05-22,2022-05-25,2022-05-29,2022-05-28,Kolkata,Patna,Express,Low,1379.0,Long,27,44403.15,7,6,1,0,1,5,1,Delayed
ORD-00659,2022-06-04,2022-06-06,2022-06-13,2022-06-11,Delhi,Bhopal,Standard,Low,2195.0,Very Long,102,20836.74,9,7,2,0,1,6,1,Delayed
ORD-00660,2022-08-25,2022-08-27,2022-09-01,2022-09-01,Hyderabad,Kochi,Standard,Low,1408.0,Long,117,18893.5,7,7,0,0,0,8,0,On Time
ORD-00661,2023-01-28,2023-02-01,2023-02-04,2023-02-09,Mumbai,Surat,Economy,High,496.0,Medium,104,15194.18,7,12,-5,0,1,1,0,On Time
ORD-00662,2023-12-12,2023-12-14,2023-12-21,2023-12-19,Kolkata,Lucknow,Standard,Medium,2067.0,Very Long,45,8044.14,9,7,2,1,0,12,1,Delayed
ORD-00663,2022-06-06,2022-06-07,2022-06-10,2022-06-10,Chennai,Visakhapatnam,Express,Medium,1381.0,Long,114,7335.14,4,4,0,0,0,6,0,On Time
ORD-00664,2023-12-25,2023-12-28,2023-12-30,2024-01-02,Pune,Surat,Standard,Critical,298.0,Short,87,7048.04,5,8,-3,1,0,12,0,On Time
ORD-00665,2022-08-08,2022-08-15,2022-08-16,2022-08-18,Delhi,Jaipur,Express,Critical,215.0,Short,31,6148.68,8,10,-2,0,0,8,0,On Time
ORD-00666,2022-03-07,2022-03-12,2022-03-19,2022-03-17,Hyderabad,Chandigarh,Standard,Medium,1408.0,Long,164,12405.35,12,10,2,0,0,3,1,Delayed
ORD-00667,2023-03-01,2023-03-06,2023-03-11,2023-03-14,Kolkata,Agra,Economy,,1069.0,Long,189,15680.1,10,13,-3,0,0,3,0,On Time
ORD-00668,2023-02-22,2023-02-24,2023-02-25,2023-03-04,Hyderabad,Surat,Economy,High,591.0,Medium,37,48098.16,3,10,-7,0,0,2,0,On Time
ORD-00669,2022-12-05,2022-12-07,2022-12-08,2022-12-08,Hyderabad,Patna,Same Day,Critical,808.0,Long,195,29134.43,3,3,0,1,0,12,0,On Time
ORD-00670,2023-07-10,2023-07-11,2023-07-17,2023-07-16,Bangalore,Agra,Standard,Medium,2178.0,Very Long,36,49385.99,7,6,1,0,0,7,1,Delayed
ORD-00671,2023-04-23,2023-04-27,2023-05-09,2023-05-05,Ahmedabad,Lucknow,Economy,High,2230.0,Very Long,119,18937.11,16,12,4,0,1,4,1,Delayed
ORD-00672,2023-03-02,2023-03-05,2023-03-10,2023-03-08,Pune,Bhopal,Express,Medium,846.0,Long,5,23152.52,8,6,2,0,0,3,1,Delayed
ORD-00673,2022-03-05,2022-03-09,2022-03-10,2022-03-14,Chennai,Jaipur,Standard,High,187.0,Short,174,16566.64,5,9,-4,0,1,3,0,On Time
ORD-00674,2022-07-31,2022-08-04,2022-08-09,2022-08-07,Bangalore,Bhubaneswar,Express,High,2281.0,Very Long,52,9552.94,9,7,2,0,1,7,1,Delayed
ORD-00675,2023-03-07,2023-03-12,2023-03-14,2023-03-17,Kolkata,Agra,Standard,Medium,1403.0,Long,49,7586.65,7,10,-3,0,0,3,0,On Time
ORD-00676,2023-02-03,2023-02-06,2023-02-13,2023-02-11,Delhi,Indore,Standard,Low,1925.0,Very Long,6,47281.42,10,8,2,0,0,2,1,Delayed
ORD-00677,2023-08-22,2023-08-26,2023-08-27,2023-08-27,Chennai,Chandigarh,Same Day,Critical,118.0,Short,123,49347.13,5,5,0,0,0,8,0,On Time
ORD-00678,2023-12-14,2023-12-17,2023-12-23,2023-12-22,Delhi,Agra,Standard,,2150.0,Very Long,138,2723.02,9,8,1,1,0,12,1,Delayed
ORD-00679,2022-01-21,2022-01-24,2022-01-25,2022-01-27,Mumbai,Patna,Express,Low,1523.0,Very Long,118,7942.12,4,6,-2,0,0,1,0,On Time
ORD-00680,2023-08-13,2023-08-17,2023-08-19,2023-08-22,Hyderabad,Indore,Standard,High,254.0,Short,23,21464.44,6,9,-3,0,1,8,0,On Time
ORD-00681,2023-01-25,2023-01-26,2023-02-08,2023-02-03,Mumbai,Visakhapatnam,Economy,High,2223.0,Very Long,145,9723.51,14,9,5,0,0,1,1,Delayed
ORD-00682,2023-05-04,2023-05-06,2023-05-07,2023-05-14,Ahmedabad,Bhopal,Economy,Medium,92.0,Short,110,18512.08,3,10,-7,0,0,5,0,On Time
ORD-00683,2022-01-07,2022-01-09,2022-01-17,2022-01-17,Hyderabad,Indore,Economy,High,1956.0,Very Long,44,6890.27,10,10,0,0,0,1,0,On Time
ORD-00684,2022-12-27,2023-01-04,2023-01-14,2023-01-09,Pune,Kochi,Standard,Medium,2208.0,Very Long,41,23097.33,18,13,5,1,0,12,1,Delayed
ORD-00685,2022-11-02,2022-11-05,2022-11-07,2022-11-10,Chennai,Visakhapatnam,Standard,Critical,810.0,Long,143,13948.88,5,8,-3,1,0,11,0,On Time
ORD-00686,2023-02-04,2023-02-06,2023-02-07,2023-02-09,Delhi,Lucknow,Express,Low,2192.0,Very Long,172,17919.3,3,5,-2,0,1,2,0,On Time
ORD-00687,2023-03-06,2023-03-09,2023-03-17,2023-03-14,Bangalore,Indore,Standard,Low,2044.0,Very Long,186,5168.48,11,8,3,0,0,3,1,Delayed
ORD-00688,2023-07-06,2023-07-09,2023-07-14,2023-07-14,Ahmedabad,Patna,Standard,Low,1985.0,Very Long,50,21692.34,8,8,0,0,0,7,0,On Time
ORD-00689,2023-07-14,2023-07-15,2023-07-18,2023-07-18,Pune,Bhubaneswar,Express,High,949.0,Long,52,49171.25,4,4,0,0,0,7,0,On Time
ORD-00690,2023-09-10,2023-09-11,2023-09-12,2023-09-14,Delhi,Kochi,Express,High,409.0,Medium,70,16777.24,2,4,-2,0,1,9,0,On Time
ORD-00691,2022-08-14,2022-08-19,2022-08-29,2022-08-27,Chennai,Kochi,Economy,High,1769.0,Very Long,196,43883.25,15,13,2,0,1,8,1,Delayed
ORD-00692,2023-05-15,2023-05-20,2023-05-23,2023-05-25,Kolkata,Indore,Standard,High,330.0,Medium,191,42238.36,8,10,-2,0,0,5,0,On Time
ORD-00693,2022-08-13,2022-08-16,2022-08-21,2022-08-21,Ahmedabad,Chandigarh,Standard,Medium,1937.0,Very Long,186,47626.89,8,8,0,0,1,8,0,On Time
ORD-00694,2022-10-07,2022-10-09,2022-10-11,2022-10-14,Mumbai,Nagpur,Standard,Critical,716.0,Medium,151,39610.42,4,7,-3,1,0,10,0,On Time
ORD-00695,2023-03-23,2023-03-26,2023-03-27,2023-04-03,Mumbai,Visakhapatnam,Economy,Medium,142.0,Short,172,33150.04,4,11,-7,0,0,3,0,On Time
ORD-00696,2023-05-13,2023-05-17,2023-05-20,2023-05-18,Bangalore,Chandigarh,Same Day,High,721.0,Medium,109,42900.93,7,5,2,0,1,5,1,Delayed
ORD-00697,2022-01-30,2022-01-31,2022-02-09,2022-02-08,Delhi,Coimbatore,Economy,Medium,,,118,4244.41,10,9,1,0,1,1,1,Delayed
ORD-00698,2023-02-03,2023-02-06,2023-02-07,2023-02-14,Delhi,Surat,Economy,High,110.0,Short,109,23410.12,4,11,-7,0,0,2,0,On Time
ORD-00699,2022-12-11,2022-12-15,2022-12-18,2022-12-18,Delhi,Patna,Express,High,1078.0,Long,95,49468.18,7,7,0,1,1,12,0,On Time
ORD-00700,2023-11-16,2023-11-19,2023-11-21,2023-11-22,Ahmedabad,Nagpur,Express,High,1539.0,Very Long,44,38595.21,5,6,-1,1,0,11,0,On Time
ORD-00701,2023-11-27,2023-12-01,2023-12-03,2023-12-06,Chennai,Lucknow,Standard,Low,653.0,Medium,180,48122.73,6,9,-3,1,0,11,0,On Time
ORD-00702,2023-02-19,2023-02-19,2023-02-20,2023-02-22,Kolkata,Kochi,Express,Medium,731.0,Medium,67,39091.9,1,3,-2,0,1,2,0,On Time
ORD-00703,2022-06-19,2022-06-25,2022-07-01,2022-06-28,Mumbai,Patna,Express,Medium,1478.0,Long,156,43806.66,12,9,3,0,1,6,1,Delayed
ORD-00704,2023-04-24,2023-04-27,2023-04-30,2023-04-30,Pune,Visakhapatnam,Express,High,2330.0,Very Long,67,35473.22,6,6,0,0,0,4,0,On Time
ORD-00705,2022-05-11,2022-05-14,2022-05-16,2022-05-22,Hyderabad,Bhopal,Economy,Medium,573.0,Medium,18,38144.85,5,11,-6,0,0,5,0,On Time
ORD-00706,2023-09-30,2023-10-03,2023-10-15,2023-10-11,Ahmedabad,Surat,Economy,Critical,2443.0,Very Long,155,26397.31,15,11,4,0,1,9,1,Delayed
ORD-00707,2023-07-01,2023-07-06,2023-07-11,2023-07-07,Ahmedabad,Bhubaneswar,Same Day,Medium,2018.0,Very Long,179,46249.77,10,6,4,0,1,7,1,Delayed
ORD-00708,2022-01-28,2022-02-01,2022-02-02,2022-02-02,Chennai,Surat,Same Day,Medium,,,60,41339.43,5,5,0,0,0,1,0,On Time
ORD-00709,2023-02-08,2023-02-09,2023-02-16,2023-02-12,Mumbai,Patna,Express,High,1803.0,Very Long,74,42272.31,8,4,4,0,0,2,1,Delayed
ORD-00710,2023-08-30,2023-08-31,2023-09-07,2023-09-05,Bangalore,Lucknow,Standard,Medium,1886.0,Very Long,49,33813.95,8,6,2,0,0,8,1,Delayed
ORD-00711,2023-08-01,2023-08-04,2023-08-12,2023-08-09,Kolkata,Kochi,Standard,Critical,,,15,15576.71,11,8,3,0,0,8,1,Delayed
ORD-00712,2023-11-10,2023-11-17,2023-11-20,2023-11-20,Chennai,Jaipur,Express,High,2144.0,Very Long,73,2263.67,10,10,0,1,0,11,0,On Time
ORD-00713,2022-01-28,2022-01-31,2022-02-02,2022-02-01,Pune,Agra,Same Day,Medium,,,196,46814.93,5,4,1,0,0,1,1,Delayed
ORD-00714,2022-03-27,2022-04-03,2022-04-10,2022-04-08,Mumbai,Jaipur,Standard,Low,2311.0,Very Long,143,29512.96,14,12,2,0,1,3,1,Delayed
ORD-00715,2023-10-21,2023-10-22,2023-11-05,2023-10-30,Chennai,Patna,Economy,Medium,2336.0,Very Long,179,15258.08,15,9,6,1,1,10,1,Delayed
ORD-00716,2023-03-15,2023-03-17,2023-03-19,2023-03-22,Mumbai,Indore,Standard,Medium,1129.0,Long,48,7882.19,4,7,-3,0,0,3,0,On Time
ORD-00717,2022-05-19,2022-05-24,2022-06-01,2022-05-29,Mumbai,Chandigarh,Standard,High,2447.0,Very Long,72,41561.4,13,10,3,0,0,5,1,Delayed
ORD-00718,2023-04-18,2023-04-22,2023-04-23,2023-04-25,Bangalore,Agra,Express,Medium,156.0,Short,113,41907.75,5,7,-2,0,0,4,0,On Time
ORD-00719,2022-07-06,2022-07-13,2022-07-14,2022-07-18,Ahmedabad,Visakhapatnam,Standard,Medium,97.0,Short,129,40818.14,8,12,-4,0,0,7,0,On Time
ORD-00720,2022-02-21,2022-02-26,2022-02-28,2022-03-03,Kolkata,Surat,Standard,Low,,,135,32431.59,7,10,-3,0,0,2,0,On Time
ORD-00721,2022-09-24,2022-09-29,2022-10-03,2022-10-04,Ahmedabad,Lucknow,Standard,Low,1099.0,Long,53,18617.76,9,10,-1,0,1,9,0,On Time
ORD-00722,2023-01-24,2023-01-26,2023-01-29,2023-01-27,Hyderabad,Agra,Same Day,,1330.0,Long,159,15551.48,5,3,2,0,0,1,1,Delayed
ORD-00723,2022-12-02,2022-12-07,2022-12-09,2022-12-10,Kolkata,Visakhapatnam,Express,High,2105.0,Very Long,18,923.46,7,8,-1,1,0,12,0,On Time
ORD-00724,2022-08-05,2022-08-08,2022-08-11,2022-08-11,Mumbai,Surat,Express,High,674.0,Medium,12,41763.57,6,6,0,0,0,8,0,On Time
ORD-00725,2023-04-11,2023-04-16,2023-04-24,2023-04-19,Chennai,Bhopal,Express,High,1940.0,Very Long,48,4827.92,13,8,5,0,0,4,1,Delayed
ORD-00726,2022-12-01,2022-12-06,2022-12-10,2022-12-11,Pune,Jaipur,Standard,High,1326.0,Long,30,31722.37,9,10,-1,1,0,12,0,On Time
ORD-00727,2022-12-12,2022-12-13,2022-12-25,2022-12-21,Bangalore,Coimbatore,Economy,Medium,1765.0,Very Long,97,25451.71,13,9,4,1,0,12,1,Delayed
ORD-00728,2023-01-24,2023-01-28,2023-01-29,2023-02-02,Kolkata,Kochi,Standard,High,352.0,Medium,7,26571.12,5,9,-4,0,0,1,0,On Time
ORD-00729,2022-10-12,2022-10-15,2022-10-16,2022-10-23,Hyderabad,Vadodara,Economy,Low,688.0,Medium,92,46372.29,4,11,-7,1,0,10,0,On Time
ORD-00730,2023-03-08,2023-03-13,2023-03-14,2023-03-16,Mumbai,Visakhapatnam,Express,Medium,105.0,Short,113,2064.94,6,8,-2,0,0,3,0,On Time
ORD-00731,2022-09-16,2022-09-17,2022-09-22,2022-09-25,Pune,Bhopal,Economy,Medium,775.0,Medium,3,38782.92,6,9,-3,0,0,9,0,On Time
ORD-00732,2022-03-25,2022-03-30,2022-03-31,2022-04-04,Kolkata,Coimbatore,Standard,Low,575.0,Medium,107,3076.59,6,10,-4,0,0,3,0,On Time
ORD-00733,2023-04-27,2023-05-04,2023-05-05,2023-05-07,Ahmedabad,Kochi,Express,High,523.0,Medium,63,2388.6,8,10,-2,0,0,4,0,On Time
ORD-00734,2022-01-20,2022-01-23,2022-01-24,2022-01-28,Ahmedabad,Surat,Standard,Medium,77.0,Short,134,21775.98,4,8,-4,0,0,1,0,On Time
ORD-00735,2023-07-07,2023-07-12,2023-07-19,2023-07-17,Kolkata,Visakhapatnam,Standard,High,2175.0,Very Long,102,3622.22,12,10,2,0,0,7,1,Delayed
ORD-00736,2022-02-23,2022-02-24,2022-02-26,2022-02-27,Kolkata,Lucknow,Express,Medium,414.0,Medium,15,39562.63,3,4,-1,0,0,2,0,On Time
ORD-00737,2022-12-25,2022-12-27,2022-12-29,2023-01-01,Kolkata,Agra,Standard,Low,575.0,Medium,199,26713.37,4,7,-3,1,1,12,0,On Time
ORD-00738,2022-08-18,2022-08-23,2022-08-26,2022-08-26,Pune,Vadodara,Express,High,1385.0,Long,171,1937.42,8,8,0,0,0,8,0,On Time
ORD-00739,2023-10-28,2023-10-30,2023-11-01,2023-11-04,Ahmedabad,Vadodara,Standard,Medium,932.0,Long,91,2504.78,4,7,-3,1,1,10,0,On Time
ORD-00740,2022-03-12,2022-03-14,2022-03-18,2022-03-19,Chennai,Jaipur,Standard,Medium,1080.0,Long,81,30827.09,6,7,-1,0,1,3,0,On Time
ORD-00741,2023-10-30,2023-11-01,2023-11-02,2023-11-02,Hyderabad,Surat,Same Day,Low,1076.0,Long,146,40402.53,3,3,0,1,0,10,0,On Time
ORD-00742,2022-02-11,2022-02-15,2022-02-20,2022-02-18,Hyderabad,Agra,Express,High,1696.0,Very Long,150,22171.08,9,7,2,0,0,2,1,Delayed
ORD-00743,2022-02-01,2022-02-03,2022-02-04,2022-02-06,Bangalore,Jaipur,Express,High,968.0,Long,61,27951.74,3,5,-2,0,0,2,0,On Time
ORD-00744,2022-09-11,2022-09-19,2022-09-26,2022-09-22,Mumbai,Patna,Express,Medium,2460.0,Very Long,120,40091.56,15,11,4,0,1,9,1,Delayed
ORD-00745,2022-07-24,2022-07-24,2022-08-02,2022-08-01,Delhi,Agra,Economy,Critical,1824.0,Very Long,61,30720.06,9,8,1,0,1,7,1,Delayed
ORD-00746,2022-01-21,2022-01-25,2022-01-31,2022-01-30,Chennai,Coimbatore,Standard,High,1581.0,Very Long,53,11625.63,10,9,1,0,0,1,1,Delayed
ORD-00747,2023-09-29,2023-10-01,2023-10-04,2023-10-04,Ahmedabad,Bhubaneswar,Express,High,1956.0,Very Long,26,30846.08,5,5,0,0,0,9,0,On Time
ORD-00748,2022-06-06,2022-06-08,2022-06-13,2022-06-16,Mumbai,Coimbatore,Economy,High,1265.0,Long,115,31599.83,7,10,-3,0,0,6,0,On Time
ORD-00749,2022-09-02,2022-09-04,2022-09-05,2022-09-05,Bangalore,Bhubaneswar,Same Day,Medium,1704.0,Very Long,40,36838.3,3,3,0,0,0,9,0,On Time
ORD-00750,2022-05-10,2022-05-12,2022-05-13,2022-05-15,Mumbai,Kochi,Express,High,534.0,Medium,88,31233.27,3,5,-2,0,0,5,0,On Time
ORD-00751,2023-04-30,2023-05-05,2023-05-09,2023-05-08,Kolkata,Surat,Express,Low,2125.0,Very Long,116,48477.49,9,8,1,0,1,4,1,Delayed
ORD-00752,2023-11-17,2023-11-20,2023-11-21,2023-11-21,Delhi,Nagpur,Same Day,Low,763.0,Medium,136,10265.77,4,4,0,1,0,11,0,On Time
ORD-00753,2022-04-28,2022-05-05,2022-05-09,2022-05-08,Ahmedabad,Jaipur,Express,Critical,1112.0,Long,21,47578.99,11,10,1,0,0,4,1,Delayed
ORD-00754,2023-08-01,2023-08-01,2023-08-07,2023-08-06,Delhi,Jaipur,Standard,High,2026.0,Very Long,43,27147.8,6,5,1,0,0,8,1,Delayed
ORD-00755,2022-08-12,2022-08-16,2022-08-19,2022-08-21,Chennai,Nagpur,Standard,Medium,1346.0,Long,21,33761.83,7,9,-2,0,0,8,0,On Time
ORD-00756,2023-04-22,2023-04-24,2023-04-28,2023-05-02,Delhi,Indore,Economy,Medium,1304.0,Long,131,5423.35,6,10,-4,0,1,4,0,On Time
ORD-00757,2023-12-18,2023-12-19,2023-12-27,2023-12-24,Mumbai,Visakhapatnam,Standard,High,2183.0,Very Long,31,19338.51,9,6,3,1,0,12,1,Delayed
ORD-00758,2022-09-20,2022-09-23,2022-09-25,2022-09-24,Delhi,Surat,Same Day,Low,175.0,Short,155,38584.27,5,4,1,0,0,9,1,Delayed
ORD-00759,2023-01-13,2023-01-18,2023-01-22,2023-01-23,Delhi,Vadodara,Standard,Low,586.0,Medium,27,35492.1,9,10,-1,0,0,1,0,On Time
ORD-00760,2022-06-21,2022-06-24,2022-06-30,2022-06-27,Hyderabad,Nagpur,Express,Low,2242.0,Very Long,73,2486.9,9,6,3,0,0,6,1,Delayed
ORD-00761,2023-09-13,2023-09-15,2023-09-23,2023-09-20,Ahmedabad,Bhubaneswar,Standard,Medium,2122.0,Very Long,185,27556.42,10,7,3,0,0,9,1,Delayed
ORD-00762,2023-09-14,2023-09-17,2023-09-25,2023-09-22,Ahmedabad,Vadodara,Standard,High,1653.0,Very Long,97,4869.77,11,8,3,0,0,9,1,Delayed
ORD-00763,2022-04-28,2022-05-05,2022-05-06,2022-05-13,Mumbai,Visakhapatnam,,Low,116.0,Short,161,49794.89,8,15,-7,0,0,4,0,On Time
ORD-00764,2022-06-17,2022-06-20,2022-06-22,2022-06-28,Pune,Jaipur,Economy,High,282.0,Short,90,44916.18,5,11,-6,0,0,6,0,On Time
ORD-00765,2022-11-15,2022-11-23,2022-11-27,2022-11-26,Delhi,Coimbatore,Express,Medium,2206.0,Very Long,44,1543.49,12,11,1,1,0,11,1,Delayed
ORD-00766,2022-04-21,2022-04-24,2022-04-25,2022-04-27,Delhi,Bhubaneswar,Express,High,1219.0,Long,43,43003.15,4,6,-2,0,0,4,0,On Time
ORD-00767,2023-08-16,2023-08-17,2023-08-20,2023-08-20,Kolkata,Surat,Express,Critical,2208.0,Very Long,31,46011.77,4,4,0,0,0,8,0,On Time
ORD-00768,2022-01-27,2022-01-27,2022-02-01,2022-01-30,Ahmedabad,Lucknow,Express,High,2325.0,Very Long,117,18000.64,5,3,2,0,0,1,1,Delayed
ORD-00769,2022-11-16,2022-11-20,2022-11-21,2022-11-23,Delhi,Agra,Express,High,160.0,Short,193,36115.33,5,7,-2,1,0,11,0,On Time
ORD-00770,2023-08-13,2023-08-17,2023-08-25,2023-08-22,Ahmedabad,Coimbatore,Standard,Critical,1543.0,Very Long,76,22384.14,12,9,3,0,1,8,1,Delayed
ORD-00771,2023-11-25,2023-11-26,2023-11-30,2023-11-29,Delhi,Lucknow,Express,Medium,2131.0,Very Long,145,32934.01,5,4,1,1,1,11,1,Delayed
ORD-00772,2023-01-20,2023-01-22,2023-01-24,2023-01-23,Hyderabad,Kochi,Same Day,High,672.0,Medium,143,17345.71,4,3,1,0,0,1,1,Delayed
ORD-00773,2023-02-11,2023-02-12,2023-02-19,2023-02-20,Mumbai,Visakhapatnam,Economy,High,1591.0,Very Long,34,16466.68,8,9,-1,0,1,2,0,On Time
ORD-00774,2022-07-23,2022-07-27,2022-07-31,2022-08-01,Ahmedabad,Bhubaneswar,Standard,Medium,1355.0,Long,80,21509.48,8,9,-1,0,1,7,0,On Time
ORD-00775,2022-03-19,2022-03-25,2022-03-26,2022-03-26,Chennai,Bhubaneswar,Same Day,Medium,1811.0,Very Long,4,7705.6,7,7,0,0,1,3,0,On Time
ORD-00776,2023-08-30,2023-08-31,2023-09-03,2023-09-03,Mumbai,Bhubaneswar,Express,Critical,2025.0,Very Long,72,41641.38,4,4,0,0,0,8,0,On Time
ORD-00777,2023-12-09,2023-12-17,2023-12-23,2023-12-20,Kolkata,Indore,Express,High,2412.0,Very Long,98,17760.55,14,11,3,1,1,12,1,Delayed
ORD-00778,2023-10-05,2023-10-10,2023-10-13,2023-10-15,Mumbai,Bhubaneswar,Standard,Medium,926.0,Long,110,20307.4,8,10,-2,1,0,10,0,On Time
ORD-00779,2022-09-06,2022-09-08,2022-09-13,2022-09-11,Delhi,Lucknow,Express,Medium,2039.0,Very Long,28,44755.7,7,5,2,0,0,9,1,Delayed
ORD-00780,2022-04-15,2022-04-16,2022-04-21,2022-04-21,Kolkata,Indore,Standard,High,1362.0,Long,130,25082.88,6,6,0,0,0,4,0,On Time
ORD-00781,2023-12-15,2023-12-20,2023-12-25,2023-12-25,Mumbai,Kochi,Standard,Medium,1510.0,Very Long,17,27440.57,10,10,0,1,0,12,0,On Time
ORD-00782,2022-11-05,2022-11-07,2022-11-13,2022-11-08,Bangalore,Patna,Same Day,High,2374.0,Very Long,58,47846.66,8,3,5,1,1,11,1,Delayed
ORD-00783,2023-12-02,2023-12-05,2023-12-07,2023-12-06,Kolkata,Bhopal,Same Day,High,1783.0,Very Long,127,44392.96,5,4,1,1,1,12,1,Delayed
ORD-00784,2023-09-07,2023-09-08,2023-09-13,2023-09-11,Bangalore,Kochi,Express,High,1655.0,Very Long,9,8888.6,6,4,2,0,0,9,1,Delayed
ORD-00785,2022-05-04,2022-05-06,2022-05-13,2022-05-14,Chennai,Vadodara,Economy,Medium,1576.0,Very Long,31,23924.14,9,10,-1,0,0,5,0,On Time
ORD-00786,2023-08-03,2023-08-08,2023-08-17,2023-08-13,Mumbai,Chandigarh,Standard,High,2447.0,Very Long,194,48579.16,14,10,4,0,0,8,1,Delayed
ORD-00787,2022-02-12,2022-02-13,2022-02-20,2022-02-18,Ahmedabad,Indore,Standard,High,1680.0,Very Long,88,18932.13,8,6,2,0,1,2,1,Delayed
ORD-00788,2022-12-22,2022-12-25,2022-12-28,2022-12-28,Ahmedabad,Agra,Express,High,1210.0,Long,62,18892.87,6,6,0,1,0,12,0,On Time
ORD-00789,2023-06-30,2023-07-03,2023-07-04,2023-07-08,Pune,Lucknow,Standard,Medium,808.0,Long,19,10154.0,4,8,-4,0,0,6,0,On Time
ORD-00790,2023-03-15,2023-03-20,2023-03-21,2023-03-25,Delhi,Lucknow,Standard,Medium,292.0,Short,81,6158.99,6,10,-4,0,0,3,0,On Time
ORD-00791,2023-11-09,2023-11-13,2023-11-19,2023-11-18,Bangalore,Surat,Standard,Critical,1113.0,Long,107,37145.09,10,9,1,1,0,11,1,Delayed
ORD-00792,2023-01-15,2023-01-17,2023-01-19,2023-01-22,Kolkata,Jaipur,Standard,Low,278.0,Short,55,38616.51,4,7,-3,0,1,1,0,On Time
ORD-00793,2022-03-12,2022-03-17,2022-03-23,2022-03-25,Pune,Bhubaneswar,Economy,,969.0,Long,156,48466.14,11,13,-2,0,1,3,0,On Time
ORD-00794,2023-06-03,2023-06-04,2023-06-06,2023-06-09,Pune,Visakhapatnam,Standard,Medium,1296.0,Long,112,38784.2,3,6,-3,0,1,6,0,On Time
ORD-00795,2023-10-26,2023-10-27,2023-10-28,2023-10-30,Hyderabad,Lucknow,Express,High,55.0,Short,123,12545.95,2,4,-2,1,0,10,0,On Time
ORD-00796,2022-12-16,2022-12-19,2022-12-21,2022-12-24,Bangalore,Bhubaneswar,Standard,Low,517.0,Medium,178,2485.77,5,8,-3,1,0,12,0,On Time
ORD-00797,2022-01-13,2022-01-15,2022-01-19,2022-01-18,Kolkata,Nagpur,Express,Medium,1805.0,Very Long,65,49279.15,6,5,1,0,0,1,1,Delayed
ORD-00798,2023-03-07,2023-03-08,2023-03-10,2023-03-13,Pune,Jaipur,Standard,Low,124.0,Short,124,17352.31,3,6,-3,0,0,3,0,On Time
ORD-00799,2023-05-17,2023-05-19,2023-05-20,2023-05-20,Hyderabad,Nagpur,Same Day,High,53.0,Short,3,15942.59,3,3,0,0,0,5,0,On Time
ORD-00800,2022-04-19,2022-04-22,2022-04-26,2022-04-25,Pune,Agra,Express,Medium,1920.0,Very Long,180,45344.78,7,6,1,0,0,4,1,Delayed
ORD-00801,2023-03-20,2023-03-21,2023-03-23,2023-03-26,Delhi,Visakhapatnam,Standard,Medium,695.0,Medium,138,29462.44,3,6,-3,0,0,3,0,On Time
ORD-00802,2023-01-06,2023-01-13,2023-01-14,2023-01-16,Chennai,Coimbatore,Express,Medium,167.0,Short,21,11136.12,8,10,-2,0,0,1,0,On Time
ORD-00803,2023-10-13,2023-10-17,2023-10-19,2023-10-22,Bangalore,Agra,Standard,High,1679.0,Very Long,37,44510.26,6,9,-3,1,0,10,0,On Time
ORD-00804,2023-04-16,2023-04-17,2023-04-22,2023-04-20,Hyderabad,Bhubaneswar,Express,Medium,2071.0,Very Long,15,49671.36,6,4,2,0,1,4,1,Delayed
ORD-00805,2023-12-26,2024-01-02,2024-01-06,2024-01-07,Chennai,Indore,Standard,Low,996.0,Long,87,4790.59,11,12,-1,1,0,12,0,On Time
ORD-00806,2022-06-06,2022-06-09,2022-06-16,2022-06-17,Kolkata,Chandigarh,Economy,Medium,1514.0,Very Long,120,43181.46,10,11,-1,0,0,6,0,On Time
ORD-00807,2023-03-22,2023-03-25,2023-03-26,2023-03-30,Delhi,Jaipur,Standard,Critical,243.0,Short,137,19830.53,4,8,-4,0,0,3,0,On Time
ORD-00808,2022-06-30,2022-07-03,2022-07-06,2022-07-06,Hyderabad,Visakhapatnam,Express,High,896.0,Long,44,26441.59,6,6,0,0,0,6,0,On Time
ORD-00809,2023-06-19,2023-06-21,2023-06-25,2023-06-26,Kolkata,Indore,Standard,Critical,1465.0,Long,39,45783.39,6,7,-1,0,0,6,0,On Time
ORD-00810,2023-10-29,2023-11-05,2023-11-11,2023-11-10,Pune,Lucknow,Standard,High,1508.0,Very Long,133,48682.27,13,12,1,1,1,10,1,Delayed
ORD-00811,2022-10-04,2022-10-05,2022-10-12,2022-10-08,Ahmedabad,Chandigarh,Express,Low,2270.0,Very Long,25,13477.11,8,4,4,1,0,10,1,Delayed
ORD-00812,2023-09-23,2023-09-29,2023-10-04,2023-10-07,Mumbai,Patna,Economy,High,1718.0,Very Long,56,11036.11,11,14,-3,0,1,9,0,On Time
ORD-00813,2023-07-06,2023-07-09,2023-07-16,2023-07-14,Kolkata,Lucknow,Standard,Medium,2423.0,Very Long,121,4485.57,10,8,2,0,0,7,1,Delayed
ORD-00814,2023-05-11,2023-05-14,2023-05-19,2023-05-19,Chennai,Vadodara,Standard,Medium,1483.0,Long,90,28308.99,8,8,0,0,0,5,0,On Time
ORD-00815,2023-04-22,2023-04-25,2023-05-01,2023-04-30,Delhi,Bhopal,Standard,Medium,1191.0,Long,64,1173.42,9,8,1,0,1,4,1,Delayed
ORD-00816,2023-03-23,2023-03-28,2023-04-01,2023-04-02,Delhi,Vadodara,Standard,Medium,1860.0,Very Long,180,20888.97,9,10,-1,0,0,3,0,On Time
ORD-00817,2023-08-30,2023-09-02,2023-09-07,2023-09-07,Kolkata,Kochi,Standard,Critical,773.0,Medium,89,4132.51,8,8,0,0,0,8,0,On Time
ORD-00818,2022-10-02,2022-10-04,2022-10-05,2022-10-07,Pune,Jaipur,Express,Medium,274.0,Short,112,20558.68,3,5,-2,1,1,10,0,On Time
ORD-00819,2022-11-27,2022-11-29,2022-12-01,2022-12-04,Mumbai,Visakhapatnam,Standard,High,581.0,Medium,76,2476.64,4,7,-3,1,1,11,0,On Time
ORD-00820,2022-09-09,2022-09-11,2022-09-12,2022-09-16,Bangalore,Bhopal,Standard,Low,162.0,Short,137,41843.25,3,7,-4,0,0,9,0,On Time
ORD-00821,2022-03-30,2022-04-03,2022-04-05,2022-04-04,Chennai,Agra,Same Day,Low,2237.0,Very Long,138,10882.08,6,5,1,0,0,3,1,Delayed
ORD-00822,2022-10-13,2022-10-15,2022-10-19,2022-10-20,Kolkata,Bhubaneswar,Standard,High,608.0,Medium,10,16751.28,6,7,-1,1,0,10,0,On Time
ORD-00823,2023-04-07,2023-04-08,2023-04-13,2023-04-13,Kolkata,Jaipur,Standard,High,2098.0,Very Long,62,43567.38,6,6,0,0,0,4,0,On Time
ORD-00824,2022-09-07,2022-09-07,2022-09-15,2022-09-12,Ahmedabad,Coimbatore,Standard,,,,90,37440.17,8,5,3,0,0,9,1,Delayed
ORD-00825,2023-04-21,2023-04-26,2023-04-27,2023-04-29,Delhi,Coimbatore,Express,Medium,703.0,Medium,60,11342.4,6,8,-2,0,0,4,0,On Time
ORD-00826,2023-08-07,2023-08-09,2023-08-10,2023-08-14,Chennai,Kochi,Standard,Medium,369.0,Medium,147,4059.02,3,7,-4,0,0,8,0,On Time
ORD-00827,2023-09-17,2023-09-22,2023-09-29,2023-09-25,Mumbai,Jaipur,Express,High,1623.0,Very Long,107,35925.85,12,8,4,0,1,9,1,Delayed
ORD-00828,2023-11-16,2023-11-17,2023-11-24,2023-11-22,Delhi,Agra,Standard,High,1878.0,Very Long,38,19839.78,8,6,2,1,0,11,1,Delayed
ORD-00829,2023-01-24,2023-01-25,2023-01-30,2023-01-28,Kolkata,Indore,Express,Medium,1967.0,Very Long,134,38420.96,6,4,2,0,0,1,1,Delayed
ORD-00830,2022-12-11,2022-12-14,2022-12-16,2022-12-19,Delhi,Nagpur,Standard,Critical,188.0,Short,143,22542.09,5,8,-3,1,1,12,0,On Time
ORD-00831,2022-01-30,2022-02-06,2022-02-08,2022-02-09,Delhi,Surat,Express,High,2076.0,Very Long,47,17627.12,9,10,-1,0,1,1,0,On Time
ORD-00832,2023-05-22,2023-05-26,2023-06-09,2023-06-03,Hyderabad,Vadodara,Economy,Critical,2356.0,Very Long,173,22834.67,18,12,6,0,0,5,1,Delayed
ORD-00833,2022-11-29,2022-11-29,2022-11-30,2022-12-02,Delhi,Indore,Express,High,951.0,Long,133,37553.67,1,3,-2,1,0,11,0,On Time
ORD-00834,2022-07-06,2022-07-09,2022-07-10,2022-07-14,Pune,Kochi,Standard,High,739.0,Medium,78,45159.9,4,8,-4,0,0,7,0,On Time
ORD-00835,2023-05-15,2023-05-16,2023-05-22,2023-05-21,Delhi,Visakhapatnam,Standard,Low,2089.0,Very Long,53,2963.48,7,6,1,0,0,5,1,Delayed
ORD-00836,2022-08-06,2022-08-13,2022-08-14,2022-08-18,Bangalore,Vadodara,Standard,Medium,59.0,Short,194,26443.52,8,12,-4,0,1,8,0,On Time
ORD-00837,2022-12-30,2023-01-01,2023-01-02,2023-01-06,Pune,Coimbatore,Standard,High,310.0,Medium,62,2125.35,3,7,-4,1,0,12,0,On Time
ORD-00838,2022-09-22,2022-09-26,2022-10-02,2022-10-01,Chennai,Jaipur,Standard,Medium,1992.0,Very Long,23,23686.27,10,9,1,0,0,9,1,Delayed
ORD-00839,2022-12-15,2022-12-20,2022-12-22,2022-12-21,Delhi,Indore,Same Day,Low,1723.0,Very Long,44,44321.5,7,6,1,1,0,12,1,Delayed
ORD-00840,2022-10-14,2022-10-16,2022-10-22,2022-10-21,Mumbai,Nagpur,Standard,Medium,2269.0,Very Long,52,18398.72,8,7,1,1,0,10,1,Delayed
ORD-00841,2023-09-03,2023-09-05,2023-09-07,2023-09-08,Pune,Bhopal,Express,Medium,2110.0,Very Long,46,46656.3,4,5,-1,0,1,9,0,On Time
ORD-00842,2023-12-20,2023-12-24,2023-12-28,2023-12-27,Pune,Indore,Express,Critical,1241.0,Long,147,31715.12,8,7,1,1,0,12,1,Delayed
ORD-00843,2022-10-10,2022-10-13,2022-10-17,2022-10-16,Kolkata,Bhubaneswar,Express,High,1669.0,Very Long,84,46740.69,7,6,1,1,0,10,1,Delayed
ORD-00844,2023-07-24,2023-07-28,2023-08-01,2023-08-02,Chennai,Bhopal,Standard,Medium,370.0,Medium,47,37979.75,8,9,-1,0,0,7,0,On Time
ORD-00845,2022-01-11,2022-01-13,2022-01-19,2022-01-21,Delhi,Kochi,Economy,Low,1392.0,Long,91,5620.04,8,10,-2,0,0,1,0,On Time
ORD-00846,2023-06-14,2023-06-22,2023-06-29,2023-06-27,Ahmedabad,Agra,Standard,High,1686.0,Very Long,52,11941.99,15,13,2,0,0,6,1,Delayed
ORD-00847,2022-07-15,2022-07-22,2022-07-24,2022-07-23,Mumbai,Bhopal,Same Day,High,2426.0,Very Long,24,20011.44,9,8,1,0,0,7,1,Delayed
ORD-00848,2022-03-29,2022-04-03,2022-04-07,2022-04-04,Kolkata,Jaipur,Same Day,Critical,2044.0,Very Long,145,8920.29,9,6,3,0,0,3,1,Delayed
ORD-00849,2022-09-05,2022-09-09,2022-09-13,2022-09-10,Chennai,Chandigarh,Same Day,Medium,1993.0,Very Long,89,24998.12,8,5,3,0,0,9,1,Delayed
ORD-00850,2023-02-21,2023-02-21,2023-02-25,2023-02-24,Bangalore,Chandigarh,Express,Medium,2088.0,Very Long,174,23832.72,4,3,1,0,0,2,1,Delayed
ORD-00851,2023-05-16,2023-05-19,2023-05-22,2023-05-24,Pune,Patna,Standard,Medium,1168.0,Long,64,47834.83,6,8,-2,0,0,5,0,On Time
ORD-00852,2023-07-23,2023-07-26,2023-08-02,2023-07-31,Mumbai,Bhubaneswar,Standard,Critical,1654.0,Very Long,119,21969.53,10,8,2,0,1,7,1,Delayed
ORD-00853,2022-09-04,2022-09-04,2022-09-10,2022-09-07,Bangalore,Jaipur,Express,High,2415.0,Very Long,156,39388.53,6,3,3,0,1,9,1,Delayed
ORD-00854,2023-12-09,2023-12-13,2023-12-14,2023-12-18,Delhi,Kochi,Standard,High,285.0,Short,178,47124.57,5,9,-4,1,1,12,0,On Time
ORD-00855,2023-05-03,2023-05-05,2023-05-13,2023-05-13,Ahmedabad,Lucknow,Economy,Medium,2019.0,Very Long,64,43910.95,10,10,0,0,0,5,0,On Time
ORD-00856,2023-10-24,2023-10-28,2023-10-29,2023-11-02,Hyderabad,Chandigarh,Standard,High,383.0,Medium,156,10829.05,5,9,-4,1,0,10,0,On Time
ORD-00857,2023-12-30,2024-01-04,2024-01-13,2024-01-09,Hyderabad,Vadodara,Standard,High,1958.0,Very Long,86,25053.48,14,10,4,1,1,12,1,Delayed
ORD-00858,2023-05-18,2023-05-19,2023-05-22,2023-05-24,Chennai,Kochi,Standard,Medium,425.0,Medium,56,17713.12,4,6,-2,0,0,5,0,On Time
ORD-00859,2023-04-04,2023-04-06,2023-04-08,2023-04-11,Ahmedabad,Bhopal,Standard,Medium,1210.0,Long,59,20293.01,4,7,-3,0,0,4,0,On Time
ORD-00860,2022-01-18,2022-01-20,2022-01-21,2022-01-23,Mumbai,Agra,Express,Medium,1620.0,Very Long,133,18359.94,3,5,-2,0,0,1,0,On Time
ORD-00861,2022-04-06,2022-04-08,2022-04-11,2022-04-09,Kolkata,Indore,Same Day,Medium,1369.0,Long,182,41404.78,5,3,2,0,0,4,1,Delayed
ORD-00862,2022-10-29,2022-11-01,2022-11-03,2022-11-04,Mumbai,Chandigarh,Express,Low,1905.0,Very Long,172,22880.88,5,6,-1,1,1,10,0,On Time
ORD-00863,2022-08-15,2022-08-18,2022-08-26,2022-08-26,Ahmedabad,Agra,Economy,Medium,1422.0,Long,170,26422.87,11,11,0,0,0,8,0,On Time
ORD-00864,2023-02-19,2023-02-25,2023-03-01,2023-03-05,Bangalore,Jaipur,Economy,Medium,922.0,Long,125,49131.14,10,14,-4,0,1,2,0,On Time
ORD-00865,2023-12-10,2023-12-13,2023-12-22,2023-12-21,Pune,Chandigarh,Economy,,1302.0,Long,185,3468.97,12,11,1,1,1,12,1,Delayed
ORD-00866,2022-09-07,2022-09-09,2022-09-16,2022-09-14,Hyderabad,Nagpur,Standard,Medium,2367.0,Very Long,47,24653.9,9,7,2,0,0,9,1,Delayed
ORD-00867,2022-11-10,2022-11-14,2022-11-18,2022-11-15,Chennai,Nagpur,Same Day,High,1901.0,Very Long,121,38816.05,8,5,3,1,0,11,1,Delayed
ORD-00868,2023-11-11,2023-11-13,2023-11-18,2023-11-18,Delhi,Nagpur,Standard,Medium,1364.0,Long,153,7982.52,7,7,0,1,1,11,0,On Time
ORD-00869,2023-08-19,2023-08-21,2023-08-24,2023-08-26,Mumbai,Bhubaneswar,Standard,High,774.0,Medium,102,30770.81,5,7,-2,0,1,8,0,On Time
ORD-00870,2023-01-13,2023-01-18,2023-01-19,2023-01-21,Hyderabad,Visakhapatnam,Express,Medium,2102.0,Very Long,44,12353.51,6,8,-2,0,0,1,0,On Time
ORD-00871,2023-04-30,2023-05-01,2023-05-02,2023-05-06,Kolkata,Chandigarh,Standard,High,127.0,Short,15,43436.5,2,6,-4,0,1,4,0,On Time
ORD-00872,2023-07-21,2023-07-24,2023-07-25,2023-07-29,Chennai,Vadodara,Standard,Low,181.0,Short,105,16691.43,4,8,-4,0,0,7,0,On Time
ORD-00873,2023-06-28,2023-07-03,2023-07-06,2023-07-08,Delhi,Patna,Standard,High,650.0,Medium,51,16788.61,8,10,-2,0,0,6,0,On Time
ORD-00874,2022-12-19,2022-12-23,2022-12-27,2022-12-28,Mumbai,Coimbatore,Standard,Low,1822.0,Very Long,53,30110.6,8,9,-1,1,0,12,0,On Time
ORD-00875,2023-03-12,2023-03-15,2023-03-19,2023-03-23,Kolkata,Kochi,Economy,High,1115.0,Long,34,9586.36,7,11,-4,0,1,3,0,On Time
ORD-00876,2023-07-18,2023-07-20,2023-07-28,2023-07-25,Delhi,Visakhapatnam,Standard,Medium,2186.0,Very Long,124,14601.99,10,7,3,0,0,7,1,Delayed
ORD-00877,2022-12-05,2022-12-08,2022-12-17,2022-12-13,Pune,Vadodara,Standard,High,2499.0,Very Long,77,21123.28,12,8,4,1,0,12,1,Delayed
ORD-00878,2022-12-27,2022-12-29,2023-01-03,2023-01-01,Hyderabad,Nagpur,Express,Medium,2393.0,Very Long,136,18005.07,7,5,2,1,0,12,1,Delayed
ORD-00879,2023-12-21,2023-12-26,2024-01-03,2023-12-31,Pune,Bhopal,Standard,Medium,1913.0,Very Long,123,26481.42,13,10,3,1,0,12,1,Delayed
ORD-00880,2023-04-10,2023-04-12,2023-04-17,2023-04-20,Hyderabad,Vadodara,Economy,Low,1368.0,Long,70,30182.19,7,10,-3,0,0,4,0,On Time
ORD-00881,2022-10-05,2022-10-11,2022-10-13,2022-10-16,Kolkata,Jaipur,Standard,High,665.0,Medium,21,28550.04,8,11,-3,1,0,10,0,On Time
ORD-00882,2022-11-10,2022-11-13,2022-11-19,2022-11-16,Bangalore,Bhubaneswar,Express,Critical,1938.0,Very Long,108,32881.33,9,6,3,1,0,11,1,Delayed
ORD-00883,2022-09-15,2022-09-17,2022-09-19,2022-09-20,Pune,Surat,Express,High,1096.0,Long,108,15733.6,4,5,-1,0,0,9,0,On Time
ORD-00884,2022-08-25,2022-08-27,2022-08-30,2022-09-04,Hyderabad,Nagpur,Economy,Low,624.0,Medium,135,6758.1,5,10,-5,0,0,8,0,On Time
ORD-00885,2022-05-04,2022-05-07,2022-05-15,2022-05-10,Chennai,Vadodara,Express,Medium,2240.0,Very Long,90,38159.97,11,6,5,0,0,5,1,Delayed
ORD-00886,2022-07-17,2022-07-18,2022-07-21,2022-07-26,Kolkata,Kochi,Economy,Critical,1042.0,Long,79,42613.63,4,9,-5,0,1,7,0,On Time
ORD-00887,2022-11-20,2022-11-21,2022-11-30,2022-11-26,Hyderabad,Vadodara,Standard,Medium,2242.0,Very Long,184,13221.81,10,6,4,1,1,11,1,Delayed
ORD-00888,2022-05-03,2022-05-07,2022-05-14,2022-05-12,Mumbai,Bhopal,Standard,High,1298.0,Long,177,20651.05,11,9,2,0,0,5,1,Delayed
ORD-00889,2023-07-03,2023-07-03,2023-07-04,2023-07-08,Hyderabad,Jaipur,Standard,Critical,552.0,Medium,42,25179.18,1,5,-4,0,0,7,0,On Time
ORD-00890,2023-12-08,2023-12-12,2023-12-24,2023-12-20,Pune,Indore,Economy,High,2047.0,Very Long,151,26899.68,16,12,4,1,0,12,1,Delayed
ORD-00891,2022-07-09,2022-07-12,2022-07-13,2022-07-17,Chennai,Vadodara,Standard,Medium,870.0,Long,52,33144.76,4,8,-4,0,1,7,0,On Time
ORD-00892,2022-07-16,2022-07-22,2022-07-28,2022-07-27,Delhi,Lucknow,Standard,Medium,2201.0,Very Long,102,2559.36,12,11,1,0,1,7,1,Delayed
ORD-00893,2022-08-10,2022-08-13,2022-08-20,2022-08-18,Bangalore,Bhopal,Standard,Medium,2020.0,Very Long,105,36213.12,10,8,2,0,0,8,1,Delayed
ORD-00894,2023-05-11,2023-05-14,2023-05-16,2023-05-19,Delhi,Vadodara,Standard,High,247.0,Short,79,3567.56,5,8,-3,0,0,5,0,On Time
ORD-00895,2022-10-11,2022-10-14,2022-10-21,2022-10-19,Hyderabad,Patna,Standard,Medium,1719.0,Very Long,112,23680.28,10,8,2,1,0,10,1,Delayed
ORD-00896,2023-08-27,2023-08-28,2023-09-12,2023-09-05,Delhi,Bhopal,Economy,Medium,2488.0,Very Long,181,41469.72,16,9,7,0,1,8,1,Delayed
ORD-00897,2023-06-22,2023-06-25,2023-06-27,2023-06-28,Hyderabad,Bhopal,Express,Medium,1252.0,Long,104,22835.16,5,6,-1,0,0,6,0,On Time
ORD-00898,2023-09-04,2023-09-08,2023-09-13,2023-09-11,Chennai,Visakhapatnam,Express,Low,1521.0,Very Long,16,7879.94,9,7,2,0,0,9,1,Delayed
ORD-00899,2022-10-17,2022-10-19,2022-10-20,2022-10-20,Delhi,Patna,Same Day,High,1696.0,Very Long,96,49259.18,3,3,0,1,0,10,0,On Time
ORD-00900,2022-04-13,2022-04-14,2022-04-21,2022-04-19,Pune,Indore,Standard,High,1742.0,Very Long,37,44519.63,8,6,2,0,0,4,1,Delayed
ORD-00901,2022-07-18,2022-07-21,2022-07-26,2022-07-26,Pune,Bhubaneswar,Standard,Medium,1362.0,Long,146,38680.02,8,8,0,0,0,7,0,On Time
ORD-00902,2022-10-31,2022-11-07,2022-11-15,2022-11-12,Mumbai,Chandigarh,Standard,Medium,2085.0,Very Long,148,20869.82,15,12,3,1,0,10,1,Delayed
ORD-00903,2022-08-21,2022-08-21,2022-08-23,2022-08-26,Hyderabad,Jaipur,Standard,Critical,527.0,Medium,46,9600.36,2,5,-3,0,1,8,0,On Time
ORD-00904,2023-01-05,2023-01-07,2023-01-08,2023-01-10,Delhi,Agra,Express,Low,1304.0,Long,2,47099.85,3,5,-2,0,0,1,0,On Time
ORD-00905,2022-07-03,2022-07-06,2022-07-08,2022-07-11,Pune,Bhopal,Standard,High,972.0,Long,119,26851.38,5,8,-3,0,1,7,0,On Time
ORD-00906,2022-11-06,2022-11-14,2022-11-16,2022-11-19,Ahmedabad,Bhopal,Standard,Critical,469.0,Medium,87,42691.6,10,13,-3,1,1,11,0,On Time
ORD-00907,2022-01-15,2022-01-20,2022-01-22,2022-01-23,Chennai,Coimbatore,Express,Medium,2254.0,Very Long,94,17433.7,7,8,-1,0,1,1,0,On Time
ORD-00908,2023-12-27,2023-12-28,2024-01-04,2024-01-05,Bangalore,Patna,Economy,Medium,1170.0,Long,191,17096.77,8,9,-1,1,0,12,0,On Time
ORD-00909,2023-07-01,2023-07-05,2023-07-11,2023-07-13,Chennai,Kochi,Economy,Critical,,,3,49284.25,10,12,-2,0,1,7,0,On Time
ORD-00910,2022-05-10,2022-05-12,2022-05-24,2022-05-20,Ahmedabad,Bhopal,Economy,Medium,2386.0,Very Long,174,26330.74,14,10,4,0,0,5,1,Delayed
ORD-00911,2022-10-08,2022-10-11,2022-10-12,2022-10-12,Ahmedabad,Bhopal,Same Day,Medium,1327.0,Long,111,7464.42,4,4,0,1,1,10,0,On Time
ORD-00912,2022-02-16,2022-02-18,2022-02-28,2022-02-23,Mumbai,Patna,Standard,Medium,2293.0,Very Long,177,11373.9,12,7,5,0,0,2,1,Delayed
ORD-00913,2022-02-25,2022-02-26,2022-03-03,2022-02-27,Chennai,Kochi,Same Day,Medium,1907.0,Very Long,1,24356.24,6,2,4,0,0,2,1,Delayed
ORD-00914,2023-07-21,2023-07-21,2023-07-23,2023-07-26,Chennai,Patna,Standard,High,566.0,Medium,105,2602.31,2,5,-3,0,0,7,0,On Time
ORD-00915,2022-10-27,2022-10-28,2022-11-01,2022-10-31,Delhi,Agra,Express,High,1708.0,Very Long,22,23395.43,5,4,1,1,0,10,1,Delayed
ORD-00916,2023-12-16,2023-12-23,2023-12-27,2023-12-26,Hyderabad,Visakhapatnam,Express,High,1915.0,Very Long,142,21237.57,11,10,1,1,1,12,1,Delayed
ORD-00917,2022-05-10,2022-05-11,2022-05-16,2022-05-16,Kolkata,Vadodara,Standard,Low,1191.0,Long,173,39077.15,6,6,0,0,0,5,0,On Time
ORD-00918,2023-10-16,2023-10-17,2023-10-19,2023-10-18,Bangalore,Bhubaneswar,Same Day,Low,1982.0,Very Long,134,18069.63,3,2,1,1,0,10,1,Delayed
ORD-00919,2023-05-18,2023-05-22,2023-05-26,2023-05-30,Chennai,Bhopal,Economy,High,864.0,Long,65,49136.16,8,12,-4,0,0,5,0,On Time
ORD-00920,2022-04-16,2022-04-24,2022-05-03,2022-04-29,Bangalore,Nagpur,Standard,Low,2325.0,Very Long,21,9448.11,17,13,4,0,1,4,1,Delayed
ORD-00921,2022-01-13,2022-01-18,2022-01-31,2022-01-26,Bangalore,Jaipur,Economy,High,1950.0,Very Long,4,29753.84,18,13,5,0,0,1,1,Delayed
ORD-00922,2023-08-11,2023-08-17,2023-08-23,2023-08-22,Bangalore,Agra,Standard,Medium,2313.0,Very Long,131,4940.12,12,11,1,0,0,8,1,Delayed
ORD-00923,2022-10-19,2022-10-23,2022-10-27,2022-10-26,Chennai,Kochi,Express,High,2112.0,Very Long,113,36826.27,8,7,1,1,0,10,1,Delayed
ORD-00924,2023-04-26,2023-04-30,2023-05-03,2023-05-03,Kolkata,Nagpur,Express,Medium,2144.0,Very Long,30,49740.31,7,7,0,0,0,4,0,On Time
ORD-00925,2023-05-06,2023-05-08,2023-05-15,2023-05-11,Chennai,Patna,,Medium,2421.0,Very Long,31,41047.36,9,5,4,0,1,5,1,Delayed
ORD-00926,2023-03-28,2023-04-04,2023-04-05,2023-04-12,Delhi,Coimbatore,Economy,Medium,179.0,Short,162,28007.33,8,15,-7,0,0,3,0,On Time
ORD-00927,2022-12-15,2022-12-16,2022-12-17,2022-12-24,Delhi,Bhopal,Economy,Medium,144.0,Short,20,24494.7,2,9,-7,1,0,12,0,On Time
ORD-00928,2022-07-08,2022-07-14,2022-07-17,2022-07-15,Kolkata,Coimbatore,Same Day,Medium,2005.0,Very Long,54,41833.98,9,7,2,0,0,7,1,Delayed
ORD-00929,2022-02-22,2022-03-02,2022-03-07,2022-03-07,Pune,Visakhapatnam,Standard,High,,,126,46830.72,13,13,0,0,0,2,0,On Time
ORD-00930,2022-09-16,2022-09-18,2022-09-28,2022-09-26,Chennai,Coimbatore,Economy,High,1884.0,Very Long,153,49465.72,12,10,2,0,0,9,1,Delayed
ORD-00931,2023-05-05,2023-05-10,2023-05-18,2023-05-15,Pune,Patna,Standard,High,2166.0,Very Long,15,20128.69,13,10,3,0,0,5,1,Delayed
ORD-00932,2022-04-27,2022-05-02,2022-05-11,2022-05-10,Bangalore,Visakhapatnam,Economy,Critical,1733.0,Very Long,166,49550.42,14,13,1,0,0,4,1,Delayed
ORD-00933,2022-03-08,2022-03-11,2022-03-13,2022-03-16,Chennai,Coimbatore,Standard,Medium,60.0,Short,151,8218.35,5,8,-3,0,0,3,0,On Time
ORD-00934,2023-02-15,2023-02-20,2023-02-25,2023-02-25,Hyderabad,Chandigarh,Standard,Low,1915.0,Very Long,180,13050.71,10,10,0,0,0,2,0,On Time
ORD-00935,2023-05-19,2023-05-21,2023-05-22,2023-05-24,Chennai,Chandigarh,Express,Medium,761.0,Medium,194,4906.3,3,5,-2,0,0,5,0,On Time
ORD-00936,2022-03-17,2022-03-20,2022-03-26,2022-03-25,Delhi,Bhubaneswar,Standard,High,2120.0,Very Long,185,13951.06,9,8,1,0,0,3,1,Delayed
ORD-00937,2023-08-14,2023-08-20,2023-08-21,2023-08-25,Mumbai,Bhopal,Standard,Medium,864.0,Long,57,38512.91,7,11,-4,0,0,8,0,On Time
ORD-00938,2023-10-07,2023-10-12,2023-10-13,2023-10-17,Ahmedabad,Bhopal,Standard,High,395.0,Medium,79,42719.76,6,10,-4,1,1,10,0,On Time
ORD-00939,2023-12-04,2023-12-07,2023-12-17,2023-12-12,Mumbai,Nagpur,Standard,Medium,2399.0,Very Long,180,39055.19,13,8,5,1,0,12,1,Delayed
ORD-00940,2022-02-24,2022-02-26,2022-02-28,2022-03-03,Mumbai,Visakhapatnam,Standard,Critical,412.0,Medium,163,31737.76,4,7,-3,0,0,2,0,On Time
ORD-00941,2022-06-05,2022-06-07,2022-06-16,2022-06-12,Mumbai,Surat,Standard,Critical,2493.0,Very Long,14,25941.34,11,7,4,0,1,6,1,Delayed
ORD-00942,2022-06-02,2022-06-08,2022-06-13,2022-06-11,Ahmedabad,Bhopal,Express,Low,2315.0,Very Long,91,35580.86,11,9,2,0,0,6,1,Delayed
ORD-00943,2023-07-31,2023-08-03,2023-08-11,2023-08-08,Pune,Bhubaneswar,Standard,Medium,2238.0,Very Long,14,19846.26,11,8,3,0,0,7,1,Delayed
ORD-00944,2022-11-08,2022-11-13,2022-11-14,2022-11-16,Ahmedabad,Kochi,Express,High,1034.0,Long,99,42144.76,6,8,-2,1,0,11,0,On Time
ORD-00945,2022-03-29,2022-04-01,2022-04-06,2022-04-06,Pune,Coimbatore,Standard,Medium,1689.0,Very Long,33,34020.91,8,8,0,0,0,3,0,On Time
ORD-00946,2022-09-12,2022-09-15,2022-09-20,2022-09-23,Ahmedabad,Kochi,Economy,Medium,877.0,Long,180,35041.33,8,11,-3,0,0,9,0,On Time
ORD-00947,2022-05-02,2022-05-09,2022-05-11,2022-05-17,Ahmedabad,Patna,Economy,High,405.0,Medium,1,27028.83,9,15,-6,0,0,5,0,On Time
ORD-00948,2023-07-26,2023-07-30,2023-08-04,2023-08-04,Chennai,Nagpur,Standard,Medium,1397.0,Long,34,44318.83,9,9,0,0,0,7,0,On Time
ORD-00949,2023-03-03,2023-03-05,2023-03-07,2023-03-06,Pune,Coimbatore,Same Day,High,1913.0,Very Long,19,12974.73,4,3,1,0,0,3,1,Delayed
ORD-00950,2023-09-13,2023-09-14,2023-09-15,2023-09-22,Chennai,Visakhapatnam,,High,176.0,Short,152,19366.81,2,9,-7,0,0,9,0,On Time
ORD-00951,2023-09-03,2023-09-07,2023-09-15,2023-09-15,Hyderabad,Coimbatore,Economy,Low,653.0,Medium,4,38993.31,12,12,0,0,1,9,0,On Time
ORD-00952,2023-09-26,2023-09-28,2023-10-03,2023-10-01,Chennai,Indore,Express,Medium,1978.0,Very Long,164,24891.07,7,5,2,0,0,9,1,Delayed
ORD-00953,2022-08-20,2022-08-22,2022-08-26,2022-08-27,Mumbai,Visakhapatnam,Standard,Medium,1063.0,Long,77,44516.09,6,7,-1,0,1,8,0,On Time
ORD-00954,2023-06-20,2023-06-25,2023-06-26,2023-06-28,Kolkata,Lucknow,Express,High,100.0,Short,58,17646.77,6,8,-2,0,0,6,0,On Time
ORD-00955,2023-01-25,2023-01-31,2023-02-02,2023-02-03,Kolkata,Agra,Express,Low,1480.0,Long,160,18781.84,8,9,-1,0,0,1,0,On Time
ORD-00956,2023-04-07,2023-04-09,2023-04-12,2023-04-12,Delhi,Patna,Express,High,1842.0,Very Long,137,44492.42,5,5,0,0,0,4,0,On Time
ORD-00957,2023-03-30,2023-04-01,2023-04-07,2023-04-06,Delhi,Bhopal,Standard,Medium,1686.0,Very Long,103,23486.33,8,7,1,0,0,3,1,Delayed
ORD-00958,2022-11-01,2022-11-02,2022-11-08,2022-11-10,Bangalore,Patna,Economy,Low,1695.0,Very Long,67,26048.17,7,9,-2,1,0,11,0,On Time
ORD-00959,2023-08-26,2023-08-26,2023-08-30,2023-09-03,Chennai,Visakhapatnam,Economy,Medium,1255.0,Long,116,16971.8,4,8,-4,0,1,8,0,On Time
ORD-00960,2023-03-16,2023-03-19,2023-03-24,2023-03-24,Ahmedabad,Indore,,Medium,1904.0,Very Long,148,14195.16,8,8,0,0,0,3,0,On Time
ORD-00961,2022-11-09,2022-11-16,2022-11-18,2022-11-21,Ahmedabad,Vadodara,Standard,Medium,616.0,Medium,120,32969.46,9,12,-3,1,0,11,0,On Time
ORD-00962,2023-08-06,2023-08-11,2023-08-19,2023-08-16,Kolkata,Lucknow,Standard,Medium,2468.0,Very Long,190,6432.11,13,10,3,0,1,8,1,Delayed
ORD-00963,2023-09-28,2023-10-01,2023-10-08,2023-10-09,Mumbai,Visakhapatnam,Economy,Medium,985.0,Long,186,44024.0,10,11,-1,0,0,9,0,On Time
ORD-00964,2022-03-03,2022-03-06,2022-03-08,2022-03-09,Pune,Agra,Express,Low,1984.0,Very Long,22,39070.56,5,6,-1,0,0,3,0,On Time
ORD-00965,2023-09-17,2023-09-18,2023-09-20,2023-09-21,Mumbai,Vadodara,Express,Low,1382.0,Long,112,9942.04,3,4,-1,0,1,9,0,On Time
ORD-00966,2022-04-12,2022-04-14,2022-04-17,2022-04-17,Bangalore,Indore,Express,High,251.0,Short,195,34853.99,5,5,0,0,0,4,0,On Time
ORD-00967,2022-08-01,2022-08-05,2022-08-10,2022-08-08,Mumbai,Indore,Express,Medium,2410.0,Very Long,75,30330.33,9,7,2,0,0,8,1,Delayed
ORD-00968,2023-10-03,2023-10-03,2023-10-05,2023-10-08,Chennai,Vadodara,Standard,Medium,166.0,Short,176,9634.49,2,5,-3,1,0,10,0,On Time
ORD-00969,2022-08-05,2022-08-07,2022-08-12,2022-08-10,Chennai,Chandigarh,Express,High,986.0,Long,136,14023.57,7,5,2,0,0,8,1,Delayed
ORD-00970,2022-09-28,2022-09-28,2022-09-29,2022-09-29,Hyderabad,Coimbatore,Same Day,Medium,624.0,Medium,143,20744.83,1,1,0,0,0,9,0,On Time
ORD-00971,2023-11-08,2023-11-09,2023-11-21,2023-11-17,Bangalore,Kochi,Economy,High,2341.0,Very Long,32,35112.52,13,9,4,1,0,11,1,Delayed
ORD-00972,2022-03-25,2022-03-30,2022-04-02,2022-04-07,Mumbai,Visakhapatnam,Economy,Medium,586.0,Medium,181,32116.81,8,13,-5,0,0,3,0,On Time
ORD-00973,2022-06-10,2022-06-12,2022-06-17,2022-06-20,Ahmedabad,Visakhapatnam,Economy,Low,1675.0,Very Long,67,26845.62,7,10,-3,0,0,6,0,On Time
ORD-00974,2022-09-03,2022-09-09,2022-09-13,2022-09-12,Ahmedabad,Surat,Express,Critical,2172.0,Very Long,4,38536.32,10,9,1,0,1,9,1,Delayed
ORD-00975,2022-06-27,2022-07-02,2022-07-04,2022-07-05,Bangalore,Visakhapatnam,Express,Medium,435.0,Medium,30,38017.92,7,8,-1,0,0,6,0,On Time
ORD-00976,2023-07-20,2023-07-21,2023-07-22,2023-07-22,Mumbai,Agra,Same Day,High,524.0,Medium,13,31084.03,2,2,0,0,0,7,0,On Time
ORD-00977,2022-03-18,2022-03-22,2022-03-25,2022-03-30,Chennai,Vadodara,Economy,Medium,467.0,Medium,21,39456.01,7,12,-5,0,0,3,0,On Time
ORD-00978,2022-06-10,2022-06-13,2022-06-21,2022-06-18,Chennai,Bhopal,Standard,High,2444.0,Very Long,41,17046.04,11,8,3,0,0,6,1,Delayed
ORD-00979,2022-01-03,2022-01-06,2022-01-08,2022-01-11,Hyderabad,Bhubaneswar,Standard,High,,,121,44121.85,5,8,-3,0,0,1,0,On Time
ORD-00980,2023-02-23,2023-02-26,2023-03-03,2023-03-03,Hyderabad,Nagpur,Standard,Low,1004.0,Long,19,30938.05,8,8,0,0,0,2,0,On Time
ORD-00981,2023-04-07,2023-04-08,2023-04-09,2023-04-11,Delhi,Patna,Express,High,925.0,Long,48,41206.99,2,4,-2,0,0,4,0,On Time
ORD-00982,2023-12-07,2023-12-12,2023-12-15,2023-12-17,Bangalore,Bhopal,Standard,Medium,,,86,27540.82,8,10,-2,1,0,12,0,On Time
ORD-00983,2023-09-01,2023-09-04,2023-09-08,2023-09-09,Kolkata,Coimbatore,Standard,High,1252.0,Long,63,11312.69,7,8,-1,0,0,9,0,On Time
ORD-00984,2023-04-27,2023-04-28,2023-05-04,2023-05-03,Mumbai,Chandigarh,Standard,Medium,1255.0,Long,148,27349.3,7,6,1,0,0,4,1,Delayed
ORD-00985,2022-10-26,2022-11-01,2022-11-05,2022-11-06,Bangalore,Kochi,Standard,High,713.0,Medium,192,18870.03,10,11,-1,1,0,10,0,On Time
ORD-00986,2022-02-03,2022-02-04,2022-02-05,2022-02-12,Ahmedabad,Patna,Economy,Low,74.0,Short,37,35026.2,2,9,-7,0,0,2,0,On Time
ORD-00987,2022-08-26,2022-08-28,2022-09-02,2022-09-02,Mumbai,Nagpur,Standard,Medium,2040.0,Very Long,31,24051.79,7,7,0,0,0,8,0,On Time
ORD-00988,2022-10-23,2022-10-28,2022-10-31,2022-10-31,Hyderabad,Surat,Express,High,1253.0,Long,74,41887.58,8,8,0,1,1,10,0,On Time
ORD-00989,2023-12-25,2023-12-26,2023-12-27,2023-12-29,Hyderabad,Agra,Express,High,759.0,Medium,146,34064.59,2,4,-2,1,0,12,0,On Time
ORD-00990,2022-10-17,2022-10-19,2022-10-28,2022-10-27,Delhi,Coimbatore,Economy,Low,1929.0,Very Long,107,34384.95,11,10,1,1,0,10,1,Delayed
ORD-00991,2023-12-21,2023-12-26,2024-01-01,2023-12-31,Kolkata,Bhopal,Standard,Medium,1234.0,Long,103,11249.19,11,10,1,1,0,12,1,Delayed
ORD-00992,2023-04-10,2023-04-17,2023-04-29,2023-04-25,Delhi,Bhubaneswar,Economy,Medium,2274.0,Very Long,110,49220.36,19,15,4,0,0,4,1,Delayed
ORD-00993,2022-03-14,2022-03-15,2022-03-16,2022-03-18,Ahmedabad,Kochi,Express,Medium,334.0,Medium,20,42162.92,2,4,-2,0,0,3,0,On Time
ORD-00994,2023-12-05,2023-12-12,2023-12-14,2023-12-20,Kolkata,Jaipur,Economy,Medium,112.0,Short,139,39555.74,9,15,-6,1,0,12,0,On Time
ORD-00995,2022-08-28,2022-09-01,2022-09-06,2022-09-09,Pune,Bhopal,,High,1052.0,Long,86,16845.65,9,12,-3,0,1,8,0,On Time
ORD-00996,2022-09-28,2022-09-29,2022-10-04,2022-10-04,Mumbai,Coimbatore,Standard,Medium,711.0,Medium,44,27013.77,6,6,0,0,0,9,0,On Time
ORD-00997,2023-10-03,2023-10-05,2023-10-11,2023-10-10,Delhi,Indore,Standard,High,2253.0,Very Long,82,7286.61,8,7,1,1,0,10,1,Delayed
ORD-00998,2023-08-27,2023-09-02,2023-09-08,2023-09-07,Hyderabad,Indore,Standard,High,1542.0,Very Long,64,27154.56,12,11,1,0,1,8,1,Delayed
ORD-00999,2023-11-09,2023-11-13,2023-11-17,2023-11-16,Delhi,Bhubaneswar,Express,Medium,1016.0,Long,122,7721.52,8,7,1,1,0,11,1,Delayed
ORD-01000,2022-07-22,2022-07-22,2022-07-23,2022-07-27,Pune,Vadodara,Standard,Medium,898.0,Long,162,27875.37,1,5,-4,0,0,7,0,On Time
ORD-01001,2023-03-12,2023-03-19,2023-03-22,2023-03-24,Delhi,Lucknow,Standard,Medium,1157.0,Long,87,32611.73,10,12,-2,0,1,3,0,On Time
ORD-01002,2022-04-28,2022-05-01,2022-05-04,2022-05-04,Mumbai,Bhubaneswar,Express,Medium,738.0,Medium,65,19814.7,6,6,0,0,0,4,0,On Time
ORD-01003,2023-07-12,2023-07-17,2023-07-19,2023-07-22,Pune,Kochi,Standard,High,197.0,Short,55,25177.97,7,10,-3,0,0,7,0,On Time
ORD-01004,2022-08-19,2022-08-19,2022-08-20,2022-08-24,Bangalore,Indore,Standard,Medium,391.0,Medium,74,43844.84,1,5,-4,0,0,8,0,On Time
ORD-01005,2023-10-26,2023-10-27,2023-10-28,2023-10-30,Bangalore,Surat,Express,High,1136.0,Long,117,5873.88,2,4,-2,1,0,10,0,On Time
ORD-01006,2022-06-02,2022-06-06,2022-06-13,2022-06-11,Bangalore,Surat,Standard,Medium,1774.0,Very Long,129,39690.78,11,9,2,0,0,6,1,Delayed
ORD-01007,2022-09-30,2022-10-02,2022-10-09,2022-10-07,Hyderabad,Vadodara,Standard,Medium,1433.0,Long,166,8952.35,9,7,2,0,0,9,1,Delayed
ORD-01008,2022-05-26,2022-05-31,2022-06-01,2022-06-03,Hyderabad,Indore,Express,Low,376.0,Medium,137,2317.05,6,8,-2,0,0,5,0,On Time
ORD-01009,2022-03-15,2022-03-21,2022-03-23,2022-03-24,Bangalore,Kochi,Express,Low,1842.0,Very Long,95,9685.94,8,9,-1,0,0,3,0,On Time
ORD-01010,2022-03-03,2022-03-06,2022-03-15,2022-03-14,Bangalore,Chandigarh,Economy,Medium,1809.0,Very Long,199,38369.64,12,11,1,0,0,3,1,Delayed
ORD-01011,2022-06-19,2022-06-24,2022-06-27,2022-06-27,Bangalore,Nagpur,Express,Medium,1039.0,Long,145,20553.74,8,8,0,0,1,6,0,On Time
ORD-01012,2022-11-11,2022-11-15,2022-11-19,2022-11-18,Chennai,Nagpur,Express,High,2312.0,Very Long,99,43689.77,8,7,1,1,0,11,1,Delayed
ORD-01013,2023-09-02,2023-09-07,2023-09-10,2023-09-10,Bangalore,Kochi,Express,High,1001.0,Long,112,26473.02,8,8,0,0,1,9,0,On Time
ORD-01014,2023-08-06,2023-08-10,2023-08-13,2023-08-18,Pune,Jaipur,Economy,Medium,772.0,Medium,52,1601.39,7,12,-5,0,1,8,0,On Time
ORD-01015,2022-10-23,2022-10-25,2022-11-01,2022-11-02,Chennai,Nagpur,Economy,Medium,2129.0,Very Long,146,35977.32,9,10,-1,1,1,10,0,On Time
ORD-01016,2023-03-26,2023-03-29,2023-04-09,2023-04-06,Chennai,Patna,Economy,Medium,2382.0,Very Long,191,5956.53,14,11,3,0,1,3,1,Delayed
ORD-01017,2022-05-08,2022-05-12,2022-05-13,2022-05-15,Mumbai,Agra,Express,Medium,478.0,Medium,33,39574.29,5,7,-2,0,1,5,0,On Time
ORD-01018,2023-04-25,2023-04-26,2023-05-01,2023-05-01,Delhi,Nagpur,Standard,Medium,1550.0,Very Long,4,8821.08,6,6,0,0,0,4,0,On Time
ORD-01019,2023-12-07,2023-12-10,2023-12-11,2023-12-15,Hyderabad,Patna,Standard,Medium,,,87,17599.6,4,8,-4,1,0,12,0,On Time
ORD-01020,2022-11-08,2022-11-10,2022-11-14,2022-11-15,Hyderabad,Indore,Standard,Medium,2115.0,Very Long,75,38182.94,6,7,-1,1,0,11,0,On Time
ORD-01021,2023-12-18,2023-12-20,2023-12-23,2023-12-28,Delhi,Vadodara,Economy,Low,818.0,Long,180,47734.45,5,10,-5,1,0,12,0,On Time
ORD-01022,2023-02-17,2023-02-18,2023-02-22,2023-02-21,Hyderabad,Chandigarh,Express,Low,1444.0,Long,9,18885.98,5,4,1,0,0,2,1,Delayed
ORD-01023,2022-10-06,2022-10-08,2022-10-10,2022-10-09,Delhi,Bhubaneswar,Same Day,Low,243.0,Short,64,41555.31,4,3,1,1,0,10,1,Delayed
ORD-01024,2023-05-28,2023-05-30,2023-06-04,2023-06-04,Pune,Chandigarh,Standard,High,1037.0,Long,30,9944.22,7,7,0,0,1,5,0,On Time
ORD-01025,2023-07-07,2023-07-13,2023-07-18,2023-07-21,Mumbai,Nagpur,Economy,Medium,1186.0,Long,136,40455.4,11,14,-3,0,0,7,0,On Time
ORD-01026,2023-05-21,2023-05-24,2023-05-30,2023-05-29,Bangalore,Agra,Standard,Medium,2211.0,Very Long,133,33045.96,9,8,1,0,1,5,1,Delayed
ORD-01027,2023-03-25,2023-03-28,2023-04-04,2023-04-02,Mumbai,Vadodara,Standard,Medium,1751.0,Very Long,76,10040.8,10,8,2,0,1,3,1,Delayed
ORD-01028,2022-03-24,2022-03-31,2022-04-04,2022-04-05,Ahmedabad,Nagpur,Standard,High,996.0,Long,191,15473.95,11,12,-1,0,0,3,0,On Time
ORD-01029,2023-09-05,2023-09-08,2023-09-10,2023-09-11,Mumbai,Visakhapatnam,Express,High,880.0,Long,129,7022.66,5,6,-1,0,0,9,0,On Time
ORD-01030,2022-02-10,2022-02-13,2022-02-14,2022-02-16,Delhi,Kochi,Express,High,1970.0,Very Long,15,19456.87,4,6,-2,0,0,2,0,On Time
ORD-01031,2023-03-19,2023-03-23,2023-03-24,2023-03-31,Ahmedabad,Bhubaneswar,Economy,Low,104.0,Short,89,10580.61,5,12,-7,0,1,3,0,On Time
ORD-01032,2022-11-27,2022-12-02,2022-12-05,2022-12-07,Delhi,Nagpur,Standard,Medium,849.0,Long,166,32377.9,8,10,-2,1,1,11,0,On Time
ORD-01033,2023-09-11,2023-09-17,2023-09-19,2023-09-20,Bangalore,Lucknow,Express,High,827.0,Long,170,49728.0,8,9,-1,0,0,9,0,On Time
ORD-01034,2022-09-14,2022-09-15,2022-09-19,2022-09-18,Kolkata,Agra,Express,Low,1531.0,Very Long,128,1094.45,5,4,1,0,0,9,1,Delayed
ORD-01035,2022-01-27,2022-02-02,2022-02-09,2022-02-07,Ahmedabad,Agra,Standard,Medium,1951.0,Very Long,174,27275.53,13,11,2,0,0,1,1,Delayed
ORD-01036,2022-04-04,2022-04-05,2022-04-17,2022-04-13,Bangalore,Vadodara,Economy,High,2259.0,Very Long,181,28896.5,13,9,4,0,0,4,1,Delayed
ORD-01037,2022-08-23,2022-08-26,2022-08-28,2022-08-27,Bangalore,Lucknow,Same Day,Medium,2184.0,Very Long,26,45753.34,5,4,1,0,0,8,1,Delayed
ORD-01038,2023-11-22,2023-11-25,2023-11-26,2023-11-26,Hyderabad,Jaipur,,Low,104.0,Short,61,25547.26,4,4,0,1,0,11,0,On Time
ORD-01039,2023-08-13,2023-08-16,2023-08-26,2023-08-24,Hyderabad,Indore,Economy,Low,1873.0,Very Long,123,27413.22,13,11,2,0,1,8,1,Delayed
ORD-01040,2023-08-25,2023-08-28,2023-08-29,2023-08-29,Kolkata,Patna,Same Day,Medium,1251.0,Long,67,23846.81,4,4,0,0,0,8,0,On Time
ORD-01041,2022-01-22,2022-01-27,2022-01-30,2022-02-01,Kolkata,Chandigarh,Standard,Low,882.0,Long,182,13810.76,8,10,-2,0,1,1,0,On Time
ORD-01042,2023-11-20,2023-11-22,2023-11-23,2023-11-23,Mumbai,Indore,Same Day,High,362.0,Medium,150,3273.44,3,3,0,1,0,11,0,On Time
ORD-01043,2022-10-03,2022-10-06,2022-10-13,2022-10-11,Bangalore,Agra,Standard,High,1908.0,Very Long,26,20728.56,10,8,2,1,0,10,1,Delayed
ORD-01044,2023-08-14,2023-08-16,2023-08-23,2023-08-21,Kolkata,Patna,Standard,Low,2057.0,Very Long,83,3103.28,9,7,2,0,0,8,1,Delayed
ORD-01045,2022-02-11,2022-02-14,2022-02-21,2022-02-19,Delhi,Patna,Standard,High,2056.0,Very Long,108,27749.38,10,8,2,0,0,2,1,Delayed
ORD-01046,2022-06-29,2022-06-30,2022-07-04,2022-07-01,Bangalore,Bhopal,Same Day,Medium,1840.0,Very Long,111,15711.04,5,2,3,0,0,6,1,Delayed
ORD-01047,2023-04-27,2023-04-28,2023-04-29,2023-04-29,Chennai,Visakhapatnam,Same Day,Low,377.0,Medium,60,26913.32,2,2,0,0,0,4,0,On Time
ORD-01048,2023-06-16,2023-06-20,2023-06-23,2023-06-25,Delhi,Nagpur,Standard,High,1337.0,Long,39,7147.7,7,9,-2,0,0,6,0,On Time
ORD-01049,2023-10-30,2023-10-30,2023-11-03,2023-10-31,Ahmedabad,Jaipur,Same Day,High,2193.0,Very Long,123,46665.18,4,1,3,1,0,10,1,Delayed
ORD-01050,2023-03-29,2023-03-31,2023-04-04,2023-04-08,Kolkata,Nagpur,Economy,High,1161.0,Long,36,44778.8,6,10,-4,0,0,3,0,On Time
ORD-01051,2022-10-12,2022-10-19,2022-10-22,2022-10-24,Hyderabad,Jaipur,Standard,,1361.0,Long,21,9904.83,10,12,-2,1,0,10,0,On Time
ORD-01052,2022-07-05,2022-07-10,2022-07-12,2022-07-15,Delhi,Indore,Standard,High,501.0,Medium,169,17500.49,7,10,-3,0,0,7,0,On Time
ORD-01053,2023-08-23,2023-08-27,2023-08-29,2023-08-28,Hyderabad,Coimbatore,Same Day,High,1573.0,Very Long,118,30867.89,6,5,1,0,0,8,1,Delayed
ORD-01054,2023-03-23,2023-03-26,2023-03-27,2023-03-31,Delhi,Coimbatore,Standard,Medium,214.0,Short,48,5236.47,4,8,-4,0,0,3,0,On Time
ORD-01055,2023-10-13,2023-10-19,2023-10-20,2023-10-22,Hyderabad,Kochi,Express,High,231.0,Short,26,18051.11,7,9,-2,1,0,10,0,On Time
ORD-01056,2023-05-19,2023-05-22,2023-05-24,2023-05-27,Pune,Kochi,Standard,Critical,959.0,Long,191,12930.06,5,8,-3,0,0,5,0,On Time
ORD-01057,2022-04-04,2022-04-09,2022-04-10,2022-04-12,Delhi,Indore,Express,High,872.0,Long,36,45818.08,6,8,-2,0,0,4,0,On Time
ORD-01058,2023-04-27,2023-05-02,2023-05-04,2023-05-03,Ahmedabad,Vadodara,Same Day,Low,993.0,Long,152,42699.28,7,6,1,0,0,4,1,Delayed
ORD-01059,2022-12-23,2022-12-25,2022-12-30,2022-12-28,Hyderabad,Bhubaneswar,Express,Medium,2051.0,Very Long,128,29201.72,7,5,2,1,0,12,1,Delayed
ORD-01060,2023-02-23,2023-02-27,2023-03-09,2023-03-07,Chennai,Lucknow,Economy,Medium,2104.0,Very Long,149,26257.14,14,12,2,0,0,2,1,Delayed
ORD-01061,2022-12-08,2022-12-15,2022-12-16,2022-12-23,Ahmedabad,Visakhapatnam,Economy,Low,379.0,Medium,146,46570.93,8,15,-7,1,0,12,0,On Time
ORD-01062,2022-11-25,2022-11-30,2022-12-01,2022-12-01,Mumbai,Patna,Same Day,Critical,824.0,Long,15,46655.18,6,6,0,1,0,11,0,On Time
ORD-01063,2023-11-18,2023-11-19,2023-11-26,2023-11-22,Delhi,Jaipur,Express,Low,2248.0,Very Long,79,48481.84,8,4,4,1,1,11,1,Delayed
ORD-01064,2022-04-18,2022-04-21,2022-04-23,2022-04-26,Chennai,Surat,Standard,Low,196.0,Short,134,6706.25,5,8,-3,0,0,4,0,On Time
ORD-01065,2022-06-14,2022-06-19,2022-06-20,2022-06-22,Mumbai,Coimbatore,Express,Critical,964.0,Long,171,8447.61,6,8,-2,0,0,6,0,On Time
ORD-01066,2022-12-04,2022-12-07,2022-12-13,2022-12-12,Delhi,Nagpur,Standard,Medium,1621.0,Very Long,159,33998.47,9,8,1,1,1,12,1,Delayed
ORD-01067,2023-02-26,2023-02-27,2023-03-06,2023-03-07,Chennai,Indore,Economy,Low,1358.0,Long,28,27301.01,8,9,-1,0,1,2,0,On Time
ORD-01068,2023-12-12,2023-12-18,2023-12-19,2023-12-23,Chennai,Patna,Standard,Medium,131.0,Short,136,1414.06,7,11,-4,1,0,12,0,On Time
ORD-01069,2023-05-23,2023-05-26,2023-05-28,2023-05-29,Ahmedabad,Coimbatore,Express,High,563.0,Medium,157,3567.76,5,6,-1,0,0,5,0,On Time
ORD-01070,2022-10-23,2022-10-25,2022-10-30,2022-10-30,Pune,Jaipur,Standard,Low,1970.0,Very Long,149,44459.98,7,7,0,1,1,10,0,On Time
ORD-01071,2023-11-10,2023-11-12,2023-11-13,2023-11-13,Chennai,Chandigarh,Same Day,Critical,1989.0,Very Long,120,43509.1,3,3,0,1,0,11,0,On Time
ORD-01072,2023-02-15,2023-02-16,2023-02-20,2023-02-24,Pune,Bhubaneswar,Economy,Medium,795.0,Medium,88,18184.91,5,9,-4,0,0,2,0,On Time
ORD-01073,2023-07-18,2023-07-22,2023-07-26,2023-07-27,Kolkata,Nagpur,Standard,Medium,1459.0,Long,186,44607.01,8,9,-1,0,0,7,0,On Time
ORD-01074,2022-02-07,2022-02-07,2022-02-12,2022-02-15,Ahmedabad,Kochi,Economy,Medium,756.0,Medium,188,29886.92,5,8,-3,0,0,2,0,On Time
ORD-01075,2023-04-11,2023-04-13,2023-04-18,2023-04-18,Bangalore,Indore,Standard,High,520.0,Medium,178,40392.33,7,7,0,0,0,4,0,On Time
ORD-01076,2022-04-01,2022-04-09,2022-04-10,2022-04-12,Hyderabad,Coimbatore,Express,Medium,445.0,Medium,31,21657.84,9,11,-2,0,0,4,0,On Time
ORD-01077,2022-11-19,2022-11-26,2022-12-02,2022-12-04,Ahmedabad,Kochi,Economy,Medium,1605.0,Very Long,47,6113.22,13,15,-2,1,1,11,0,On Time
ORD-01078,2022-09-16,2022-09-18,2022-09-23,2022-09-23,Mumbai,Jaipur,Standard,Medium,2358.0,Very Long,34,21969.49,7,7,0,0,0,9,0,On Time
ORD-01079,2022-11-28,2022-12-05,2022-12-09,2022-12-13,Hyderabad,Kochi,Economy,High,854.0,Long,2,23136.34,11,15,-4,1,0,11,0,On Time
ORD-01080,2022-04-29,2022-04-29,2022-05-01,2022-05-04,Hyderabad,Coimbatore,Standard,Low,983.0,Long,106,27771.74,2,5,-3,0,0,4,0,On Time
ORD-01081,2023-02-18,2023-02-19,2023-02-24,2023-02-24,Bangalore,Agra,Standard,High,1329.0,Long,195,5726.34,6,6,0,0,1,2,0,On Time
ORD-01082,2023-06-11,2023-06-13,2023-06-22,2023-06-21,Pune,Coimbatore,Economy,High,1807.0,Very Long,94,49574.39,11,10,1,0,1,6,1,Delayed
ORD-01083,2022-01-02,2022-01-04,2022-01-05,2022-01-09,Bangalore,Nagpur,Standard,Low,954.0,Long,72,12584.77,3,7,-4,0,1,1,0,On Time
ORD-01084,2023-11-05,2023-11-06,2023-11-09,2023-11-14,Bangalore,Lucknow,Economy,Low,1126.0,Long,52,10328.34,4,9,-5,1,1,11,0,On Time
ORD-01085,2023-07-10,2023-07-18,2023-07-28,2023-07-26,Hyderabad,Coimbatore,Economy,Medium,1940.0,Very Long,135,26576.74,18,16,2,0,0,7,1,Delayed
ORD-01086,2023-04-19,2023-04-22,2023-04-27,2023-04-27,Chennai,Patna,Standard,Medium,1573.0,Very Long,147,27091.8,8,8,0,0,0,4,0,On Time
ORD-01087,2023-02-28,2023-03-08,2023-03-10,2023-03-11,Pune,Lucknow,Express,Low,1437.0,Long,90,22271.13,10,11,-1,0,0,2,0,On Time
ORD-01088,2022-02-25,2022-02-28,2022-03-02,2022-03-05,Hyderabad,Indore,Standard,Medium,1353.0,Long,92,38708.66,5,8,-3,0,0,2,0,On Time
ORD-01089,2022-07-12,2022-07-15,2022-07-17,2022-07-18,Pune,Lucknow,Express,Medium,642.0,Medium,143,26074.39,5,6,-1,0,0,7,0,On Time
ORD-01090,2023-06-15,2023-06-22,2023-07-01,2023-06-27,Kolkata,Bhopal,Standard,Medium,2156.0,Very Long,78,30679.93,16,12,4,0,0,6,1,Delayed
ORD-01091,2023-01-06,2023-01-08,2023-01-09,2023-01-13,Pune,Coimbatore,Standard,Medium,177.0,Short,176,36325.45,3,7,-4,0,0,1,0,On Time
ORD-01092,2023-09-30,2023-10-05,2023-10-06,2023-10-10,Delhi,Patna,Standard,Medium,785.0,Medium,125,1738.74,6,10,-4,0,1,9,0,On Time
ORD-01093,2023-05-26,2023-05-28,2023-05-29,2023-05-31,Chennai,Jaipur,Express,High,570.0,Medium,142,28746.89,3,5,-2,0,0,5,0,On Time
ORD-01094,2023-10-03,2023-10-06,2023-10-07,2023-10-14,Mumbai,Patna,Economy,Critical,286.0,Short,131,44267.63,4,11,-7,1,0,10,0,On Time
ORD-01095,2023-03-29,2023-03-31,2023-04-08,2023-04-08,Delhi,Bhopal,Economy,High,1354.0,Long,50,1360.74,10,10,0,0,0,3,0,On Time
ORD-01096,2022-02-22,2022-02-23,2022-02-25,2022-02-24,Delhi,Surat,Same Day,Medium,1831.0,Very Long,93,20556.51,3,2,1,0,0,2,1,Delayed
ORD-01097,2022-07-28,2022-07-30,2022-07-31,2022-08-02,Bangalore,Lucknow,Express,Medium,1351.0,Long,124,46348.26,3,5,-2,0,0,7,0,On Time
ORD-01098,2022-10-01,2022-10-05,2022-10-15,2022-10-13,Bangalore,Vadodara,Economy,Medium,2101.0,Very Long,54,17981.14,14,12,2,1,1,10,1,Delayed
ORD-01099,2023-07-17,2023-07-19,2023-07-21,2023-07-24,Delhi,Patna,Standard,Low,491.0,Medium,134,23207.08,4,7,-3,0,0,7,0,On Time
ORD-01100,2022-05-15,2022-05-20,2022-05-22,2022-05-21,Hyderabad,Kochi,Same Day,Low,2126.0,Very Long,177,49086.3,7,6,1,0,1,5,1,Delayed
ORD-01101,2022-10-22,2022-10-23,2022-10-27,2022-10-31,Pune,Jaipur,Economy,High,854.0,Long,151,10366.53,5,9,-4,1,1,10,0,On Time
ORD-01102,2023-03-25,2023-03-29,2023-03-30,2023-04-03,Pune,Coimbatore,Standard,Medium,124.0,Short,78,3730.13,5,9,-4,0,1,3,0,On Time
ORD-01103,2023-12-17,2023-12-20,2023-12-25,2023-12-23,Ahmedabad,Coimbatore,Express,Medium,2225.0,Very Long,78,43041.42,8,6,2,1,1,12,1,Delayed
ORD-01104,2023-05-12,2023-05-16,2023-05-26,2023-05-24,Hyderabad,Agra,Economy,Critical,2139.0,Very Long,20,43489.03,14,12,2,0,0,5,1,Delayed
ORD-01105,2022-05-05,2022-05-09,2022-05-13,2022-05-17,Chennai,Chandigarh,Economy,Low,1429.0,Long,91,23867.85,8,12,-4,0,0,5,0,On Time
ORD-01106,2022-01-30,2022-02-03,2022-02-04,2022-02-04,Hyderabad,Indore,Same Day,Low,90.0,Short,188,25953.26,5,5,0,0,1,1,0,On Time
ORD-01107,2023-10-08,2023-10-15,2023-10-24,2023-10-20,Hyderabad,Indore,Standard,Low,2131.0,Very Long,99,41872.42,16,12,4,1,1,10,1,Delayed
ORD-01108,2023-09-16,2023-09-16,2023-09-21,2023-09-21,Hyderabad,Agra,Standard,Medium,1750.0,Very Long,173,37058.7,5,5,0,0,1,9,0,On Time
ORD-01109,2022-09-03,2022-09-08,2022-09-15,2022-09-13,Chennai,Visakhapatnam,Standard,High,1451.0,Long,189,13624.88,12,10,2,0,1,9,1,Delayed
ORD-01110,2023-12-28,2023-12-30,2023-12-31,2023-12-31,Ahmedabad,Indore,Same Day,,637.0,Medium,56,1336.22,3,3,0,1,0,12,0,On Time
ORD-01111,2022-06-12,2022-06-17,2022-06-23,2022-06-22,Chennai,Patna,Standard,Medium,1672.0,Very Long,2,24245.16,11,10,1,0,1,6,1,Delayed
ORD-01112,2022-11-15,2022-11-19,2022-11-21,2022-11-27,Kolkata,Lucknow,Economy,High,391.0,Medium,105,43016.16,6,12,-6,1,0,11,0,On Time
ORD-01113,2023-07-19,2023-07-26,2023-08-02,2023-07-31,Ahmedabad,Patna,Standard,High,2124.0,Very Long,173,44843.82,14,12,2,0,0,7,1,Delayed
ORD-01114,2022-01-15,2022-01-20,2022-01-22,2022-01-25,Kolkata,Vadodara,Standard,Critical,695.0,Medium,168,47833.2,7,10,-3,0,1,1,0,On Time
ORD-01115,2023-07-20,2023-07-26,2023-07-27,2023-07-29,Kolkata,Coimbatore,Express,High,780.0,Medium,112,44038.38,7,9,-2,0,0,7,0,On Time
ORD-01116,2023-02-22,2023-02-22,2023-02-23,2023-02-23,Kolkata,Nagpur,Same Day,Medium,217.0,Short,24,29212.16,1,1,0,0,0,2,0,On Time
ORD-01117,2022-04-06,2022-04-10,2022-04-11,2022-04-15,Pune,Kochi,Standard,Low,659.0,Medium,157,22507.98,5,9,-4,0,0,4,0,On Time
ORD-01118,2022-08-19,2022-08-21,2022-08-24,2022-08-24,Delhi,Agra,Express,Low,2365.0,Very Long,195,38855.07,5,5,0,0,0,8,0,On Time
ORD-01119,2022-04-27,2022-04-30,2022-05-02,2022-05-03,Delhi,Coimbatore,Express,Low,1822.0,Very Long,109,37121.17,5,6,-1,0,0,4,0,On Time
ORD-01120,2023-04-18,2023-04-18,2023-04-28,2023-04-23,Kolkata,Chandigarh,Standard,High,2090.0,Very Long,68,27138.1,10,5,5,0,0,4,1,Delayed
ORD-01121,2022-05-01,2022-05-05,2022-05-07,2022-05-10,Kolkata,Chandigarh,Standard,High,504.0,Medium,114,4822.7,6,9,-3,0,1,5,0,On Time
ORD-01122,2023-10-26,2023-10-27,2023-11-05,2023-11-04,Mumbai,Kochi,Economy,Medium,1758.0,Very Long,194,46341.03,10,9,1,1,0,10,1,Delayed
ORD-01123,2022-06-07,2022-06-11,2022-06-12,2022-06-14,Bangalore,Bhopal,Express,Low,751.0,Medium,84,23052.33,5,7,-2,0,0,6,0,On Time
ORD-01124,2023-05-26,2023-05-29,2023-06-04,2023-06-03,Delhi,Bhubaneswar,Standard,Medium,1649.0,Very Long,182,18485.02,9,8,1,0,0,5,1,Delayed
ORD-01125,2022-10-26,2022-10-31,2022-11-01,2022-11-08,Bangalore,Coimbatore,Economy,Critical,179.0,Short,181,31663.59,6,13,-7,1,0,10,0,On Time
ORD-01126,2023-06-06,2023-06-06,2023-06-16,2023-06-14,Bangalore,Coimbatore,Economy,Medium,1895.0,Very Long,49,33854.98,10,8,2,0,0,6,1,Delayed
ORD-01127,2023-12-24,2023-12-27,2023-12-28,2023-12-30,Mumbai,Nagpur,Express,High,1436.0,Long,32,10929.05,4,6,-2,1,1,12,0,On Time
ORD-01128,2022-10-07,2022-10-10,2022-10-12,2022-10-13,Bangalore,Jaipur,Express,High,742.0,Medium,61,41928.47,5,6,-1,1,0,10,0,On Time
ORD-01129,2023-03-02,2023-03-07,2023-03-14,2023-03-15,Ahmedabad,Chandigarh,Economy,Critical,1444.0,Long,170,14851.89,12,13,-1,0,0,3,0,On Time
ORD-01130,2023-05-10,2023-05-14,2023-05-17,2023-05-22,Mumbai,Indore,Economy,High,843.0,Long,129,9740.85,7,12,-5,0,0,5,0,On Time
ORD-01131,2023-04-29,2023-05-07,2023-05-08,2023-05-08,Bangalore,Patna,Same Day,High,78.0,Short,191,20616.79,9,9,0,0,1,4,0,On Time
ORD-01132,2022-09-07,2022-09-12,2022-09-13,2022-09-15,Bangalore,Bhopal,Express,Medium,198.0,Short,102,36662.72,6,8,-2,0,0,9,0,On Time
ORD-01133,2023-04-13,2023-04-15,2023-04-19,2023-04-18,Hyderabad,Coimbatore,Express,Low,1369.0,Long,35,48290.18,6,5,1,0,0,4,1,Delayed
ORD-01134,2023-07-19,2023-07-24,2023-07-27,2023-07-25,Bangalore,Bhubaneswar,Same Day,Medium,2108.0,Very Long,51,40559.42,8,6,2,0,0,7,1,Delayed
ORD-01135,2022-05-29,2022-06-03,2022-06-06,2022-06-08,Pune,Kochi,Standard,Low,1186.0,Long,199,47047.24,8,10,-2,0,1,5,0,On Time
ORD-01136,2023-01-28,2023-01-31,2023-02-01,2023-02-03,Ahmedabad,Surat,Express,Critical,236.0,Short,45,7459.99,4,6,-2,0,1,1,0,On Time
ORD-01137,2022-07-15,2022-07-16,2022-07-22,2022-07-24,Chennai,Jaipur,Economy,Medium,1300.0,Long,77,4023.25,7,9,-2,0,0,7,0,On Time
ORD-01138,2023-09-06,2023-09-13,2023-09-16,2023-09-16,Delhi,Bhubaneswar,Express,High,1383.0,Long,113,28106.39,10,10,0,0,0,9,0,On Time
ORD-01139,2023-06-05,2023-06-10,2023-06-11,2023-06-13,Kolkata,Visakhapatnam,Express,Medium,147.0,Short,65,14869.73,6,8,-2,0,0,6,0,On Time
ORD-01140,2022-05-20,2022-05-24,2022-05-25,2022-05-27,Bangalore,Indore,Express,Medium,104.0,Short,14,41488.72,5,7,-2,0,0,5,0,On Time
ORD-01141,2022-03-13,2022-03-16,2022-03-21,2022-03-21,Ahmedabad,Bhubaneswar,Standard,Critical,807.0,Long,93,33763.4,8,8,0,0,1,3,0,On Time
ORD-01142,2022-10-10,2022-10-17,2022-10-18,2022-10-20,Kolkata,Chandigarh,Express,Medium,455.0,Medium,131,48551.04,8,10,-2,1,0,10,0,On Time
ORD-01143,2023-03-01,2023-03-09,2023-03-10,2023-03-10,Chennai,Visakhapatnam,Same Day,Medium,2166.0,Very Long,24,13112.22,9,9,0,0,0,3,0,On Time
ORD-01144,2022-12-15,2022-12-17,2022-12-23,2022-12-22,Ahmedabad,Coimbatore,Standard,Low,1362.0,Long,65,24546.31,8,7,1,1,0,12,1,Delayed
ORD-01145,2023-06-04,2023-06-06,2023-06-15,2023-06-11,Delhi,Visakhapatnam,Standard,High,1835.0,Very Long,176,25311.4,11,7,4,0,1,6,1,Delayed
ORD-01146,2022-10-01,2022-10-02,2022-10-07,2022-10-10,Ahmedabad,Patna,Economy,Medium,800.0,Medium,138,12339.25,6,9,-3,1,1,10,0,On Time
ORD-01147,2022-01-03,2022-01-06,2022-01-10,2022-01-11,Kolkata,Kochi,Standard,Medium,1812.0,Very Long,13,29709.62,7,8,-1,0,0,1,0,On Time
ORD-01148,2022-10-17,2022-10-20,2022-10-21,2022-10-25,Kolkata,Bhubaneswar,Standard,Medium,414.0,Medium,142,22442.66,4,8,-4,1,0,10,0,On Time
ORD-01149,2022-11-02,2022-11-05,2022-11-14,2022-11-13,Hyderabad,Jaipur,Economy,High,2076.0,Very Long,100,22612.72,12,11,1,1,0,11,1,Delayed
ORD-01150,2023-08-25,2023-08-29,2023-08-30,2023-08-30,Bangalore,Bhubaneswar,Same Day,High,531.0,Medium,138,18455.46,5,5,0,0,0,8,0,On Time
ORD-01151,2023-08-17,2023-08-20,2023-08-23,2023-08-23,Mumbai,Coimbatore,Express,Medium,2298.0,Very Long,168,1338.0,6,6,0,0,0,8,0,On Time
ORD-01152,2023-11-07,2023-11-09,2023-11-10,2023-11-17,Ahmedabad,Surat,Economy,Medium,203.0,Short,151,26343.71,3,10,-7,1,0,11,0,On Time
ORD-01153,2023-05-17,2023-05-20,2023-05-24,2023-05-25,Kolkata,Bhopal,Standard,High,1574.0,Very Long,99,17094.77,7,8,-1,0,0,5,0,On Time
ORD-01154,2022-06-02,2022-06-06,2022-06-08,2022-06-07,Pune,Chandigarh,Same Day,Medium,2170.0,Very Long,55,565.33,6,5,1,0,0,6,1,Delayed
ORD-01155,2023-04-03,2023-04-06,2023-04-10,2023-04-09,Delhi,Patna,Express,Medium,2393.0,Very Long,63,15743.21,7,6,1,0,0,4,1,Delayed
ORD-01156,2023-07-06,2023-07-08,2023-07-14,2023-07-16,Pune,Indore,Economy,Medium,1090.0,Long,71,14292.1,8,10,-2,0,0,7,0,On Time
ORD-01157,2023-05-11,2023-05-13,2023-05-16,2023-05-16,Chennai,Kochi,Express,High,1714.0,Very Long,170,19975.68,5,5,0,0,0,5,0,On Time
ORD-01158,2022-12-20,2022-12-25,2022-12-26,2022-12-28,Ahmedabad,Kochi,Express,Medium,1290.0,Long,99,7026.67,6,8,-2,1,0,12,0,On Time
ORD-01159,2022-12-07,2022-12-14,2022-12-15,2022-12-17,Hyderabad,Visakhapatnam,Express,Medium,110.0,Short,66,25630.35,8,10,-2,1,0,12,0,On Time
ORD-01160,2023-07-20,2023-07-24,2023-07-26,2023-07-27,Delhi,Visakhapatnam,Express,High,988.0,Long,79,34775.8,6,7,-1,0,0,7,0,On Time
ORD-01161,2023-07-11,2023-07-17,2023-07-18,2023-07-18,Hyderabad,Bhopal,Same Day,High,1689.0,Very Long,73,31694.19,7,7,0,0,0,7,0,On Time
ORD-01162,2023-01-22,2023-01-27,2023-02-04,2023-01-30,Mumbai,Lucknow,Express,Low,2139.0,Very Long,47,40285.87,13,8,5,0,1,1,1,Delayed
ORD-01163,2023-04-12,2023-04-20,2023-04-21,2023-04-23,Kolkata,Lucknow,Express,Medium,74.0,Short,81,22874.41,9,11,-2,0,0,4,0,On Time
ORD-01164,2022-11-26,2022-11-27,2022-11-29,2022-11-30,Bangalore,Vadodara,Express,High,1112.0,Long,126,26195.04,3,4,-1,1,1,11,0,On Time
ORD-01165,2022-07-13,2022-07-18,2022-07-20,2022-07-21,Delhi,Indore,Express,Critical,180.0,Short,52,40614.9,7,8,-1,0,0,7,0,On Time
ORD-01166,2023-12-16,2023-12-24,2023-12-28,2023-12-25,Chennai,Bhubaneswar,Same Day,High,1302.0,Long,146,21671.21,12,9,3,1,1,12,1,Delayed
ORD-01167,2022-09-02,2022-09-07,2022-09-08,2022-09-15,Bangalore,Visakhapatnam,Economy,Medium,157.0,Short,146,35229.17,6,13,-7,0,0,9,0,On Time
ORD-01168,2023-08-09,2023-08-12,2023-08-13,2023-08-15,Ahmedabad,Surat,Express,Medium,221.0,Short,152,22012.82,4,6,-2,0,0,8,0,On Time
ORD-01169,2023-01-28,2023-01-30,2023-02-05,2023-02-07,Mumbai,Kochi,Economy,High,1508.0,Very Long,23,21177.94,8,10,-2,0,1,1,0,On Time
ORD-01170,2022-08-28,2022-08-30,2022-08-31,2022-09-07,Mumbai,Bhubaneswar,Economy,High,151.0,Short,140,38130.18,3,10,-7,0,1,8,0,On Time
ORD-01171,2023-02-25,2023-02-26,2023-03-02,2023-03-01,Hyderabad,Kochi,Express,Medium,2372.0,Very Long,151,9154.43,5,4,1,0,1,2,1,Delayed
ORD-01172,2022-02-14,2022-02-16,2022-02-20,2022-02-19,Mumbai,Agra,Express,Medium,1686.0,Very Long,21,17260.01,6,5,1,0,0,2,1,Delayed
ORD-01173,2022-11-22,2022-11-25,2022-12-01,2022-12-03,Delhi,Visakhapatnam,Economy,High,1090.0,Long,64,11596.53,9,11,-2,1,0,11,0,On Time
ORD-01174,2023-04-30,2023-05-03,2023-05-05,2023-05-06,Hyderabad,Kochi,Express,Medium,379.0,Medium,72,18275.94,5,6,-1,0,1,4,0,On Time
ORD-01175,2023-12-24,2023-12-30,2024-01-07,2024-01-07,Bangalore,Bhubaneswar,Economy,Medium,1570.0,Very Long,162,11903.55,14,14,0,1,1,12,0,On Time
ORD-01176,2023-01-26,2023-01-28,2023-01-29,2023-01-31,Mumbai,Visakhapatnam,Express,Low,61.0,Short,130,29180.58,3,5,-2,0,0,1,0,On Time
ORD-01177,2023-01-31,2023-02-03,2023-02-04,2023-02-06,Ahmedabad,Coimbatore,Express,Medium,1391.0,Long,69,40009.45,4,6,-2,0,0,1,0,On Time
ORD-01178,2023-11-11,2023-11-16,2023-11-17,2023-11-21,Bangalore,Bhopal,Standard,Medium,265.0,Short,159,39437.35,6,10,-4,1,1,11,0,On Time
ORD-01179,2023-10-30,2023-11-05,2023-11-06,2023-11-08,Chennai,Vadodara,Express,High,388.0,Medium,68,18542.8,7,9,-2,1,0,10,0,On Time
ORD-01180,2022-06-05,2022-06-06,2022-06-17,2022-06-14,Ahmedabad,Coimbatore,Economy,Medium,1849.0,Very Long,198,49443.64,12,9,3,0,1,6,1,Delayed
ORD-01181,2023-05-23,2023-05-23,2023-05-25,2023-05-26,Pune,Lucknow,Express,Medium,1800.0,Very Long,147,29895.79,2,3,-1,0,0,5,0,On Time
ORD-01182,2022-02-07,2022-02-13,2022-02-16,2022-02-16,Delhi,Agra,Express,Medium,1558.0,Very Long,128,20270.31,9,9,0,0,0,2,0,On Time
ORD-01183,2022-05-10,2022-05-14,2022-05-28,2022-05-22,Chennai,Nagpur,Economy,Medium,2471.0,Very Long,107,41859.19,18,12,6,0,0,5,1,Delayed
ORD-01184,2023-05-30,2023-05-31,2023-06-01,2023-06-03,Chennai,Jaipur,Express,Low,759.0,Medium,109,36628.76,2,4,-2,0,0,5,0,On Time
ORD-01185,2023-08-28,2023-09-01,2023-09-04,2023-09-04,Hyderabad,Bhopal,Express,Medium,1273.0,Long,72,37589.13,7,7,0,0,0,8,0,On Time
ORD-01186,2022-12-06,2022-12-09,2022-12-10,2022-12-10,Kolkata,Coimbatore,Same Day,High,1162.0,Long,103,10208.9,4,4,0,1,0,12,0,On Time
ORD-01187,2022-04-13,2022-04-18,2022-04-20,2022-04-19,Hyderabad,Chandigarh,Same Day,Low,1341.0,Long,141,23682.05,7,6,1,0,0,4,1,Delayed
ORD-01188,2023-03-27,2023-03-29,2023-03-30,2023-04-03,Delhi,Surat,Standard,Low,538.0,Medium,65,43160.49,3,7,-4,0,0,3,0,On Time
ORD-01189,2022-04-13,2022-04-16,2022-04-20,2022-04-19,Delhi,Surat,Express,Low,1611.0,Very Long,134,25449.88,7,6,1,0,0,4,1,Delayed
ORD-01190,2023-06-23,2023-06-26,2023-06-27,2023-06-29,Hyderabad,Jaipur,Express,Medium,96.0,Short,199,34330.91,4,6,-2,0,0,6,0,On Time
ORD-01191,2023-04-13,2023-04-18,2023-04-20,2023-04-23,Kolkata,Surat,Standard,High,827.0,Long,112,29602.72,7,10,-3,0,0,4,0,On Time
ORD-01192,2022-01-16,2022-01-21,2022-01-24,2022-01-24,Ahmedabad,Bhubaneswar,Express,Low,1089.0,Long,155,42196.66,8,8,0,0,1,1,0,On Time
ORD-01193,2022-05-28,2022-06-02,2022-06-04,2022-06-05,Hyderabad,Surat,Express,Critical,760.0,Medium,79,14585.76,7,8,-1,0,1,5,0,On Time
ORD-01194,2023-02-24,2023-02-26,2023-03-02,2023-03-03,Delhi,Nagpur,Standard,Low,450.0,Medium,180,28986.03,6,7,-1,0,0,2,0,On Time
ORD-01195,2023-11-02,2023-11-05,2023-11-08,2023-11-08,Kolkata,Surat,Express,High,1867.0,Very Long,126,6600.12,6,6,0,1,0,11,0,On Time
ORD-01196,2022-06-08,2022-06-16,2022-06-19,2022-06-21,Delhi,Kochi,Standard,Medium,299.0,Short,121,34665.43,11,13,-2,0,0,6,0,On Time
ORD-01197,2022-03-18,2022-03-21,2022-03-22,2022-03-24,Kolkata,Bhopal,Express,High,440.0,Medium,87,36732.41,4,6,-2,0,0,3,0,On Time
ORD-01198,2023-04-26,2023-04-27,2023-05-01,2023-05-05,Kolkata,Agra,,Medium,384.0,Medium,48,2620.45,5,9,-4,0,0,4,0,On Time
ORD-01199,2022-09-29,2022-09-30,2022-10-02,2022-10-01,Bangalore,Bhubaneswar,Same Day,Medium,678.0,Medium,88,33951.65,3,2,1,0,0,9,1,Delayed
ORD-01200,2022-12-13,2022-12-16,2022-12-17,2022-12-21,Hyderabad,Lucknow,Standard,High,186.0,Short,68,21027.16,4,8,-4,1,0,12,0,On Time
ORD-01201,2023-10-01,2023-10-06,2023-10-12,2023-10-11,Hyderabad,Surat,Standard,High,1571.0,Very Long,172,6642.8,11,10,1,1,1,10,1,Delayed
ORD-01202,2023-12-11,2023-12-13,2023-12-16,2023-12-18,Hyderabad,Indore,Standard,Medium,876.0,Long,101,21285.42,5,7,-2,1,0,12,0,On Time
ORD-01203,2023-02-12,2023-02-14,2023-02-16,2023-02-17,Kolkata,Indore,Express,Low,776.0,Medium,17,10114.53,4,5,-1,0,1,2,0,On Time
ORD-01204,2023-10-28,2023-10-30,2023-11-04,2023-11-04,Kolkata,Vadodara,Standard,Low,1550.0,Very Long,38,21070.2,7,7,0,1,1,10,0,On Time
ORD-01205,2022-03-24,2022-03-28,2022-03-30,2022-03-31,Delhi,Indore,Express,High,1039.0,Long,138,19524.78,6,7,-1,0,0,3,0,On Time
ORD-01206,2022-12-03,2022-12-07,2022-12-17,2022-12-12,Chennai,Surat,Standard,Medium,2469.0,Very Long,54,37050.39,14,9,5,1,1,12,1,Delayed
ORD-01207,2023-11-22,2023-11-27,2023-12-02,2023-12-05,Hyderabad,Chandigarh,Economy,Medium,984.0,Long,134,38823.67,10,13,-3,1,0,11,0,On Time
ORD-01208,2023-07-01,2023-07-02,2023-07-05,2023-07-07,Bangalore,Coimbatore,Standard,High,451.0,Medium,134,30547.92,4,6,-2,0,1,7,0,On Time
ORD-01209,2023-01-25,2023-01-26,2023-01-31,2023-01-31,Pune,Kochi,Standard,High,1516.0,Very Long,52,1623.0,6,6,0,0,0,1,0,On Time
ORD-01210,2022-11-21,2022-11-23,2022-11-29,2022-12-01,Delhi,Patna,Economy,High,664.0,Medium,15,46585.6,8,10,-2,1,0,11,0,On Time
ORD-01211,2023-10-04,2023-10-09,2023-10-12,2023-10-14,Delhi,Surat,Standard,High,1346.0,Long,68,34468.55,8,10,-2,1,0,10,0,On Time
ORD-01212,2023-05-15,2023-05-20,2023-05-23,2023-05-25,Mumbai,Chandigarh,Standard,High,1232.0,Long,185,2192.67,8,10,-2,0,0,5,0,On Time
ORD-01213,2023-07-09,2023-07-10,2023-07-17,2023-07-13,Hyderabad,Vadodara,Express,Medium,2285.0,Very Long,112,41032.23,8,4,4,0,1,7,1,Delayed
ORD-01214,2022-02-06,2022-02-11,2022-02-13,2022-02-14,Ahmedabad,Coimbatore,Express,Medium,1171.0,Long,184,10413.17,7,8,-1,0,1,2,0,On Time
ORD-01215,2023-09-25,2023-09-30,2023-10-03,2023-10-01,Delhi,Patna,Same Day,High,180.0,Short,104,29171.45,8,6,2,0,0,9,1,Delayed
ORD-01216,2022-03-12,2022-03-17,2022-03-22,2022-03-22,Mumbai,Jaipur,Standard,Medium,1244.0,Long,7,23598.4,10,10,0,0,1,3,0,On Time
ORD-01217,2022-08-29,2022-08-30,2022-08-31,2022-09-02,Pune,Nagpur,Express,Critical,232.0,Short,51,21282.02,2,4,-2,0,0,8,0,On Time
ORD-01218,2023-10-09,2023-10-13,2023-10-14,2023-10-18,Bangalore,Kochi,Standard,Low,413.0,Medium,58,44540.83,5,9,-4,1,0,10,0,On Time
ORD-01219,2023-12-02,2023-12-04,2023-12-05,2023-12-09,Pune,Surat,Standard,Low,88.0,Short,192,22149.38,3,7,-4,1,1,12,0,On Time
ORD-01220,2022-10-22,2022-10-25,2022-11-01,2022-11-02,Ahmedabad,Bhopal,Economy,Critical,1422.0,Long,109,4229.53,10,11,-1,1,1,10,0,On Time
ORD-01221,2022-08-21,2022-08-25,2022-08-28,2022-08-26,Hyderabad,Bhubaneswar,Same Day,High,970.0,Long,111,47358.62,7,5,2,0,1,8,1,Delayed
ORD-01222,2022-04-03,2022-04-03,2022-04-06,2022-04-08,Kolkata,Bhopal,Standard,Medium,65.0,Short,154,46066.49,3,5,-2,0,1,4,0,On Time
ORD-01223,2023-03-21,2023-03-23,2023-03-24,2023-03-26,Mumbai,Coimbatore,Express,High,542.0,Medium,186,34379.42,3,5,-2,0,0,3,0,On Time
ORD-01224,2022-04-11,2022-04-12,2022-04-18,2022-04-17,Kolkata,Bhopal,Standard,High,1499.0,Long,31,23660.68,7,6,1,0,0,4,1,Delayed
ORD-01225,2023-10-11,2023-10-12,2023-10-19,2023-10-20,Pune,Visakhapatnam,Economy,Medium,1181.0,Long,194,5096.54,8,9,-1,1,0,10,0,On Time
ORD-01226,2023-12-22,2023-12-23,2023-12-26,2023-12-28,Pune,Jaipur,Standard,Low,360.0,Medium,92,39642.03,4,6,-2,1,0,12,0,On Time
ORD-01227,2022-04-13,2022-04-20,2022-04-23,2022-04-25,Chennai,Bhubaneswar,Standard,High,788.0,Medium,106,4236.16,10,12,-2,0,0,4,0,On Time
ORD-01228,2023-03-31,2023-04-08,2023-04-09,2023-04-11,Chennai,Jaipur,Express,High,595.0,Medium,13,3895.75,9,11,-2,0,0,3,0,On Time
ORD-01229,2022-06-20,2022-06-25,2022-06-26,2022-06-28,Bangalore,Patna,Express,Low,300.0,Short,146,27100.5,6,8,-2,0,0,6,0,On Time
ORD-01230,2023-12-12,2023-12-14,2023-12-15,2023-12-17,Ahmedabad,Vadodara,,High,808.0,Long,119,8426.35,3,5,-2,1,0,12,0,On Time
ORD-01231,2022-11-03,2022-11-05,2022-11-11,2022-11-10,Chennai,Vadodara,Standard,High,1854.0,Very Long,141,882.65,8,7,1,1,0,11,1,Delayed
ORD-01232,2022-01-30,2022-02-03,2022-02-09,2022-02-08,Chennai,Jaipur,Standard,Medium,1347.0,Long,115,21444.11,10,9,1,0,1,1,1,Delayed
ORD-01233,2022-02-17,2022-02-25,2022-03-01,2022-02-28,Ahmedabad,Indore,Express,High,1681.0,Very Long,152,7292.25,12,11,1,0,0,2,1,Delayed
ORD-01234,2022-11-29,2022-12-01,2022-12-09,2022-12-06,Delhi,Nagpur,Standard,Medium,1964.0,Very Long,57,8445.51,10,7,3,1,0,11,1,Delayed
ORD-01235,2022-02-27,2022-03-01,2022-03-06,2022-03-09,Chennai,Indore,Economy,Medium,863.0,Long,126,4307.08,7,10,-3,0,1,2,0,On Time
ORD-01236,2022-10-28,2022-10-29,2022-10-30,2022-11-03,Delhi,Surat,Standard,High,78.0,Short,157,10652.14,2,6,-4,1,0,10,0,On Time
ORD-01237,2023-01-03,2023-01-06,2023-01-07,2023-01-09,Delhi,Patna,Express,High,1007.0,Long,184,35916.47,4,6,-2,0,0,1,0,On Time
ORD-01238,2023-01-19,2023-01-22,2023-01-26,2023-01-25,Hyderabad,Visakhapatnam,Express,High,2082.0,Very Long,54,40541.9,7,6,1,0,0,1,1,Delayed
ORD-01239,2023-03-18,2023-03-23,2023-03-24,2023-03-28,Delhi,Chandigarh,Standard,Medium,526.0,Medium,133,22900.42,6,10,-4,0,1,3,0,On Time
ORD-01240,2022-05-30,2022-05-31,2022-06-01,2022-06-03,Delhi,Patna,Express,Low,367.0,Medium,163,25574.41,2,4,-2,0,0,5,0,On Time
ORD-01241,2022-09-08,2022-09-08,2022-09-09,2022-09-16,Chennai,Chandigarh,Economy,Low,294.0,Short,19,2116.42,1,8,-7,0,0,9,0,On Time
ORD-01242,2023-06-28,2023-07-02,2023-07-04,2023-07-07,Delhi,Nagpur,Standard,Medium,797.0,Medium,183,3931.15,6,9,-3,0,0,6,0,On Time
ORD-01243,2023-02-26,2023-02-28,2023-03-03,2023-03-08,Kolkata,Jaipur,Economy,Low,746.0,Medium,77,13249.6,5,10,-5,0,1,2,0,On Time
ORD-01244,2023-08-03,2023-08-05,2023-08-07,2023-08-08,Ahmedabad,Jaipur,Express,Medium,321.0,Medium,69,27422.97,4,5,-1,0,0,8,0,On Time
ORD-01245,2023-11-30,2023-12-04,2023-12-10,2023-12-09,Chennai,Bhubaneswar,Standard,Medium,1821.0,Very Long,44,37107.78,10,9,1,1,0,11,1,Delayed
ORD-01246,2022-07-04,2022-07-06,2022-07-11,2022-07-09,Ahmedabad,Surat,Express,High,1312.0,Long,38,30447.65,7,5,2,0,0,7,1,Delayed
ORD-01247,2022-06-24,2022-06-25,2022-07-02,2022-06-30,Mumbai,Agra,Standard,Medium,2474.0,Very Long,62,19910.33,8,6,2,0,0,6,1,Delayed
ORD-01248,2022-06-29,2022-07-04,2022-07-06,2022-07-05,Chennai,Agra,Same Day,Medium,315.0,Medium,22,6357.04,7,6,1,0,0,6,1,Delayed
ORD-01249,2022-03-22,2022-03-26,2022-03-27,2022-03-27,Delhi,Agra,Same Day,Medium,970.0,Long,73,39148.28,5,5,0,0,0,3,0,On Time
ORD-01250,2023-09-17,2023-09-18,2023-09-21,2023-09-26,Kolkata,Bhopal,Economy,Low,389.0,Medium,168,18507.41,4,9,-5,0,1,9,0,On Time
ORD-01251,2023-01-27,2023-01-30,2023-02-01,2023-02-07,Ahmedabad,Lucknow,Economy,Low,438.0,Medium,154,36934.67,5,11,-6,0,0,1,0,On Time
ORD-01252,2023-09-27,2023-09-30,2023-10-04,2023-10-01,Chennai,Vadodara,Same Day,Medium,2100.0,Very Long,125,25892.45,7,4,3,0,0,9,1,Delayed
ORD-01253,2023-12-01,2023-12-02,2023-12-05,2023-12-05,Kolkata,Patna,Express,,1215.0,Long,5,37063.77,4,4,0,1,0,12,0,On Time
ORD-01254,2022-09-04,2022-09-05,2022-09-06,2022-09-10,Ahmedabad,Patna,Standard,Low,425.0,Medium,54,45410.83,2,6,-4,0,1,9,0,On Time
ORD-01255,2023-05-25,2023-05-28,2023-06-01,2023-05-31,Mumbai,Agra,Express,High,2083.0,Very Long,86,46090.96,7,6,1,0,0,5,1,Delayed
ORD-01256,2023-08-21,2023-08-29,2023-09-06,2023-09-03,Pune,Surat,Standard,Critical,2421.0,Very Long,177,26987.79,16,13,3,0,0,8,1,Delayed
ORD-01257,2022-05-27,2022-05-28,2022-05-29,2022-05-29,Bangalore,Indore,Same Day,High,195.0,Short,3,25819.66,2,2,0,0,0,5,0,On Time
ORD-01258,2022-08-26,2022-08-29,2022-08-31,2022-09-01,Bangalore,Kochi,Express,Medium,2031.0,Very Long,38,13651.08,5,6,-1,0,0,8,0,On Time
ORD-01259,2023-04-18,2023-04-21,2023-04-22,2023-04-26,Mumbai,Surat,Standard,Critical,342.0,Medium,142,46822.09,4,8,-4,0,0,4,0,On Time
ORD-01260,2023-10-16,2023-10-18,2023-10-20,2023-10-23,Pune,Lucknow,Standard,Low,481.0,Medium,175,23167.0,4,7,-3,1,0,10,0,On Time
ORD-01261,2022-09-18,2022-09-26,2022-09-29,2022-10-01,Hyderabad,Jaipur,Standard,Medium,754.0,Medium,142,6815.77,11,13,-2,0,1,9,0,On Time
ORD-01262,2023-04-16,2023-04-20,2023-04-26,2023-04-23,Pune,Agra,Express,High,2048.0,Very Long,73,21918.89,10,7,3,0,1,4,1,Delayed
ORD-01263,2022-09-19,2022-09-23,2022-09-25,2022-09-26,Hyderabad,Vadodara,Express,High,448.0,Medium,38,6789.14,6,7,-1,0,0,9,0,On Time
ORD-01264,2023-11-14,2023-11-22,2023-11-24,2023-11-25,Chennai,Chandigarh,Express,Medium,1013.0,Long,192,25375.32,10,11,-1,1,0,11,0,On Time
ORD-01265,2022-01-10,2022-01-13,2022-01-18,2022-01-16,Hyderabad,Indore,Express,Medium,2284.0,Very Long,172,28283.14,8,6,2,0,0,1,1,Delayed
ORD-01266,2023-04-22,2023-04-26,2023-05-01,2023-04-29,Bangalore,Visakhapatnam,Express,Medium,2091.0,Very Long,125,17218.91,9,7,2,0,1,4,1,Delayed
ORD-01267,2022-10-22,2022-10-26,2022-11-02,2022-10-31,Bangalore,Coimbatore,Standard,Medium,1878.0,Very Long,70,4046.71,11,9,2,1,1,10,1,Delayed
ORD-01268,2023-11-25,2023-11-29,2023-12-03,2023-12-04,Kolkata,Indore,Standard,Medium,2158.0,Very Long,65,47203.43,8,9,-1,1,1,11,0,On Time
ORD-01269,2023-07-14,2023-07-18,2023-07-20,2023-07-21,Hyderabad,Visakhapatnam,Express,Critical,988.0,Long,25,38780.98,6,7,-1,0,0,7,0,On Time
ORD-01270,2022-06-11,2022-06-14,2022-06-15,2022-06-17,Kolkata,Bhubaneswar,Express,Critical,759.0,Medium,16,42024.61,4,6,-2,0,1,6,0,On Time
ORD-01271,2022-03-17,2022-03-19,2022-03-24,2022-03-24,Bangalore,Nagpur,Standard,High,856.0,Long,15,18659.99,7,7,0,0,0,3,0,On Time
ORD-01272,2023-03-29,2023-04-01,2023-04-06,2023-04-06,Ahmedabad,Lucknow,Standard,Medium,1513.0,Very Long,131,38161.14,8,8,0,0,0,3,0,On Time
ORD-01273,2022-12-20,2022-12-21,2022-12-25,2022-12-26,Ahmedabad,Indore,Standard,High,1375.0,Long,195,24525.96,5,6,-1,1,0,12,0,On Time
ORD-01274,2023-08-25,2023-08-26,2023-08-27,2023-08-29,Pune,Lucknow,Express,Critical,60.0,Short,37,10453.63,2,4,-2,0,0,8,0,On Time
ORD-01275,2022-11-03,2022-11-05,2022-11-09,2022-11-10,Pune,Visakhapatnam,Standard,High,1135.0,Long,183,6658.96,6,7,-1,1,0,11,0,On Time
ORD-01276,2023-10-17,2023-10-20,2023-10-22,2023-10-23,Pune,Surat,Express,Medium,1918.0,Very Long,125,17580.02,5,6,-1,1,0,10,0,On Time
ORD-01277,2023-03-11,2023-03-14,2023-03-26,2023-03-22,Hyderabad,Coimbatore,Economy,Low,2323.0,Very Long,113,7308.83,15,11,4,0,1,3,1,Delayed
ORD-01278,2023-12-08,2023-12-11,2023-12-13,2023-12-16,Pune,Chandigarh,Standard,Low,821.0,Long,166,49914.31,5,8,-3,1,0,12,0,On Time
ORD-01279,2022-09-14,2022-09-15,2022-09-21,2022-09-23,Hyderabad,Chandigarh,Economy,Medium,1644.0,Very Long,191,2934.86,7,9,-2,0,0,9,0,On Time
ORD-01280,2023-04-13,2023-04-16,2023-04-18,2023-04-19,Hyderabad,Coimbatore,Express,High,1657.0,Very Long,1,22336.61,5,6,-1,0,0,4,0,On Time
ORD-01281,2022-11-06,2022-11-11,2022-11-13,2022-11-14,Delhi,Patna,Express,High,1383.0,Long,71,22878.63,7,8,-1,1,1,11,0,On Time
ORD-01282,2022-07-23,2022-07-27,2022-07-29,2022-07-30,Delhi,Jaipur,Express,Medium,934.0,Long,103,15381.28,6,7,-1,0,1,7,0,On Time
ORD-01283,2023-01-29,2023-01-29,2023-01-30,2023-02-01,Hyderabad,Agra,Express,Low,1439.0,Long,19,28781.9,1,3,-2,0,1,1,0,On Time
ORD-01284,2023-05-10,2023-05-15,2023-05-17,2023-05-18,Ahmedabad,Patna,Express,Medium,275.0,Short,52,7923.86,7,8,-1,0,0,5,0,On Time
ORD-01285,2022-04-20,2022-04-21,2022-04-23,2022-04-24,Kolkata,Indore,Express,Medium,874.0,Long,118,39303.66,3,4,-1,0,0,4,0,On Time
ORD-01286,2022-08-31,2022-09-01,2022-09-09,2022-09-06,Bangalore,Nagpur,,Low,2315.0,Very Long,158,16956.16,9,6,3,0,0,8,1,Delayed
ORD-01287,2023-01-26,2023-02-03,2023-02-07,2023-02-08,Bangalore,Visakhapatnam,Standard,High,986.0,Long,107,29771.46,12,13,-1,0,0,1,0,On Time
ORD-01288,2023-08-09,2023-08-13,2023-08-20,2023-08-18,Chennai,Patna,,Medium,2356.0,Very Long,55,35924.14,11,9,2,0,0,8,1,Delayed
ORD-01289,2023-01-03,2023-01-06,2023-01-13,2023-01-11,Mumbai,Patna,Standard,High,1961.0,Very Long,14,44507.58,10,8,2,0,0,1,1,Delayed
ORD-01290,2023-08-12,2023-08-14,2023-08-20,2023-08-19,Delhi,Vadodara,Standard,Medium,1846.0,Very Long,13,41871.48,8,7,1,0,1,8,1,Delayed
ORD-01291,2022-10-30,2022-10-31,2022-11-01,2022-11-05,Hyderabad,Patna,Standard,Medium,103.0,Short,84,30611.3,2,6,-4,1,1,10,0,On Time
ORD-01292,2023-12-18,2023-12-20,2023-12-22,2023-12-21,Mumbai,Lucknow,Same Day,Medium,776.0,Medium,90,19725.46,4,3,1,1,0,12,1,Delayed
ORD-01293,2022-10-30,2022-10-31,2022-11-10,2022-11-08,Delhi,Vadodara,Economy,High,1594.0,Very Long,27,25408.63,11,9,2,1,1,10,1,Delayed
ORD-01294,2022-01-23,2022-01-26,2022-02-02,2022-02-03,Chennai,Surat,Economy,Low,1093.0,Long,89,38552.37,10,11,-1,0,1,1,0,On Time
ORD-01295,2023-11-06,2023-11-08,2023-11-13,2023-11-11,Bangalore,Vadodara,Express,High,1963.0,Very Long,137,43938.5,7,5,2,1,0,11,1,Delayed
ORD-01296,2023-02-10,2023-02-12,2023-02-13,2023-02-13,Kolkata,Nagpur,Same Day,Medium,1826.0,Very Long,41,5637.21,3,3,0,0,0,2,0,On Time
ORD-01297,2022-10-09,2022-10-13,2022-10-19,2022-10-21,Hyderabad,Agra,Economy,High,1646.0,Very Long,48,19550.38,10,12,-2,1,1,10,0,On Time
ORD-01298,2022-01-09,2022-01-15,2022-01-21,2022-01-18,Chennai,Visakhapatnam,Express,High,1964.0,Very Long,12,38917.77,12,9,3,0,1,1,1,Delayed
ORD-01299,2023-08-03,2023-08-04,2023-08-10,2023-08-09,Bangalore,Chandigarh,Standard,Medium,899.0,Long,138,21866.76,7,6,1,0,0,8,1,Delayed
ORD-01300,2023-12-04,2023-12-11,2023-12-24,2023-12-19,Ahmedabad,Bhubaneswar,Economy,,2159.0,Very Long,6,16945.27,20,15,5,1,0,12,1,Delayed
ORD-01301,2022-02-20,2022-02-24,2022-02-28,2022-02-27,Delhi,Lucknow,Express,Low,2313.0,Very Long,162,20860.47,8,7,1,0,1,2,1,Delayed
ORD-01302,2023-09-13,2023-09-21,2023-09-22,2023-09-24,Hyderabad,Indore,Express,High,52.0,Short,180,30340.81,9,11,-2,0,0,9,0,On Time
ORD-01303,2023-05-24,2023-05-28,2023-05-29,2023-06-02,Mumbai,Vadodara,Standard,Medium,209.0,Short,41,49990.35,5,9,-4,0,0,5,0,On Time
ORD-01304,2022-10-21,2022-10-24,2022-10-25,2022-10-29,Ahmedabad,Nagpur,Standard,Medium,830.0,Long,6,24903.13,4,8,-4,1,0,10,0,On Time
ORD-01305,2022-08-24,2022-08-25,2022-08-30,2022-09-02,Bangalore,Chandigarh,Economy,High,942.0,Long,130,10820.48,6,9,-3,0,0,8,0,On Time
ORD-01306,2023-09-14,2023-09-19,2023-09-26,2023-09-22,Ahmedabad,Nagpur,Express,High,2080.0,Very Long,15,8560.91,12,8,4,0,0,9,1,Delayed
ORD-01307,2022-12-27,2023-01-02,2023-01-10,2023-01-07,Pune,Kochi,Standard,Medium,2426.0,Very Long,145,2596.31,14,11,3,1,0,12,1,Delayed
ORD-01308,2022-08-13,2022-08-14,2022-08-17,2022-08-19,Kolkata,Kochi,Standard,High,629.0,Medium,16,28161.45,4,6,-2,0,1,8,0,On Time
ORD-01309,2023-10-14,2023-10-19,2023-10-25,2023-10-22,Bangalore,Patna,Express,Medium,1983.0,Very Long,156,27456.32,11,8,3,1,1,10,1,Delayed
ORD-01310,2022-07-14,2022-07-17,2022-07-19,2022-07-20,Ahmedabad,Patna,Express,Medium,1430.0,Long,85,10659.08,5,6,-1,0,0,7,0,On Time
ORD-01311,2023-09-28,2023-10-05,2023-10-13,2023-10-10,Delhi,Coimbatore,Standard,High,1340.0,Long,10,34918.81,15,12,3,0,0,9,1,Delayed
ORD-01312,2022-09-14,2022-09-19,2022-09-30,2022-09-27,Kolkata,Kochi,Economy,Medium,1690.0,Very Long,138,37184.8,16,13,3,0,0,9,1,Delayed
ORD-01313,2023-11-26,2023-12-03,2023-12-06,2023-12-08,Hyderabad,Visakhapatnam,Standard,Medium,1001.0,Long,138,13325.36,10,12,-2,1,1,11,0,On Time
ORD-01314,2023-11-07,2023-11-09,2023-11-12,2023-11-14,Pune,Agra,Standard,High,1037.0,Long,156,17532.94,5,7,-2,1,0,11,0,On Time
ORD-01315,2023-11-29,2023-12-03,2023-12-07,2023-12-06,Bangalore,Visakhapatnam,Express,Low,1268.0,Long,152,49528.35,8,7,1,1,0,11,1,Delayed
ORD-01316,2022-05-21,2022-05-25,2022-05-28,2022-05-30,Chennai,Bhubaneswar,Standard,High,970.0,Long,19,19026.09,7,9,-2,0,1,5,0,On Time
ORD-01317,2023-10-06,2023-10-10,2023-10-15,2023-10-18,Kolkata,Chandigarh,Economy,Medium,1405.0,Long,68,38159.68,9,12,-3,1,0,10,0,On Time
ORD-01318,2022-04-10,2022-04-13,2022-04-15,2022-04-14,Mumbai,Indore,Same Day,Low,219.0,Short,184,22909.91,5,4,1,0,1,4,1,Delayed
ORD-01319,2023-10-05,2023-10-10,2023-10-12,2023-10-11,Delhi,Coimbatore,Same Day,Low,570.0,Medium,195,39770.57,7,6,1,1,0,10,1,Delayed
ORD-01320,2023-10-24,2023-10-28,2023-11-02,2023-11-02,Bangalore,Jaipur,Standard,High,1536.0,Very Long,42,38566.65,9,9,0,1,0,10,0,On Time
ORD-01321,2022-02-10,2022-02-13,2022-02-14,2022-02-18,Mumbai,Jaipur,Standard,High,89.0,Short,140,33553.92,4,8,-4,0,0,2,0,On Time
ORD-01322,2022-11-13,2022-11-17,2022-11-21,2022-11-22,Kolkata,Lucknow,Standard,Low,1610.0,Very Long,146,42811.53,8,9,-1,1,1,11,0,On Time
ORD-01323,2023-03-28,2023-03-29,2023-04-01,2023-04-01,Bangalore,Bhubaneswar,Express,Low,1468.0,Long,151,46991.32,4,4,0,0,0,3,0,On Time
ORD-01324,2022-02-04,2022-02-08,2022-02-09,2022-02-09,Pune,Bhubaneswar,Same Day,Critical,1004.0,Long,84,29209.17,5,5,0,0,0,2,0,On Time
ORD-01325,2023-08-17,2023-08-20,2023-08-25,2023-08-28,Chennai,Indore,Economy,Low,1033.0,Long,134,12254.71,8,11,-3,0,0,8,0,On Time
ORD-01326,2023-01-09,2023-01-14,2023-01-17,2023-01-15,Chennai,Nagpur,Same Day,High,1024.0,Long,53,20232.13,8,6,2,0,0,1,1,Delayed
ORD-01327,2022-05-15,2022-05-17,2022-05-19,2022-05-25,Mumbai,Jaipur,Economy,Medium,87.0,Short,98,38036.13,4,10,-6,0,1,5,0,On Time
ORD-01328,2022-04-03,2022-04-05,2022-04-09,2022-04-06,Hyderabad,Nagpur,Same Day,High,2425.0,Very Long,42,32718.73,6,3,3,0,1,4,1,Delayed
ORD-01329,2022-10-30,2022-11-02,2022-11-05,2022-11-07,Hyderabad,Nagpur,Standard,Medium,1324.0,Long,194,9301.02,6,8,-2,1,1,10,0,On Time
ORD-01330,2022-12-01,2022-12-03,2022-12-07,2022-12-08,Pune,Bhubaneswar,Standard,High,1249.0,Long,30,3036.36,6,7,-1,1,0,12,0,On Time
ORD-01331,2023-03-02,2023-03-07,2023-03-11,2023-03-10,Chennai,Nagpur,Express,High,1675.0,Very Long,9,34306.6,9,8,1,0,0,3,1,Delayed
ORD-01332,2022-06-29,2022-07-01,2022-07-05,2022-07-06,Mumbai,Jaipur,Standard,Medium,963.0,Long,170,12928.41,6,7,-1,0,0,6,0,On Time
ORD-01333,2022-07-25,2022-07-30,2022-08-03,2022-08-04,Mumbai,Chandigarh,Standard,Low,503.0,Medium,34,25233.68,9,10,-1,0,0,7,0,On Time
ORD-01334,2022-05-16,2022-05-21,2022-05-22,2022-05-24,Bangalore,Vadodara,Express,High,86.0,Short,168,37463.97,6,8,-2,0,0,5,0,On Time
ORD-01335,2023-07-07,2023-07-07,2023-07-19,2023-07-15,Bangalore,Bhopal,Economy,High,1761.0,Very Long,88,28352.01,12,8,4,0,0,7,1,Delayed
ORD-01336,2023-01-10,2023-01-11,2023-01-15,2023-01-16,Mumbai,Agra,Standard,Low,845.0,Long,145,4623.48,5,6,-1,0,0,1,0,On Time
ORD-01337,2023-06-28,2023-07-01,2023-07-04,2023-07-02,Bangalore,Nagpur,Same Day,Low,1022.0,Long,157,9686.22,6,4,2,0,0,6,1,Delayed
ORD-01338,2023-05-29,2023-05-30,2023-06-02,2023-06-07,Kolkata,Indore,Economy,High,642.0,Medium,50,11356.75,4,9,-5,0,0,5,0,On Time
ORD-01339,2022-10-07,2022-10-07,2022-10-09,2022-10-10,Bangalore,Agra,Express,Medium,1187.0,Long,76,13264.28,2,3,-1,1,0,10,0,On Time
ORD-01340,2022-06-18,2022-06-21,2022-06-27,2022-06-26,Pune,Agra,Standard,High,1374.0,Long,177,28487.47,9,8,1,0,1,6,1,Delayed
ORD-01341,2022-09-21,2022-09-27,2022-10-07,2022-10-02,Hyderabad,Surat,Standard,Medium,2321.0,Very Long,189,25446.31,16,11,5,0,0,9,1,Delayed
ORD-01342,2023-05-09,2023-05-13,2023-05-14,2023-05-14,Hyderabad,Patna,Same Day,High,367.0,Medium,46,10556.42,5,5,0,0,0,5,0,On Time
ORD-01343,2022-10-30,2022-11-03,2022-11-05,2022-11-04,Kolkata,Indore,Same Day,Critical,2446.0,Very Long,46,3843.96,6,5,1,1,1,10,1,Delayed
ORD-01344,2022-12-13,2022-12-19,2023-01-01,2022-12-27,Delhi,Kochi,Economy,Critical,2212.0,Very Long,126,8985.89,19,14,5,1,0,12,1,Delayed
ORD-01345,2022-04-28,2022-05-01,2022-05-02,2022-05-04,Kolkata,Vadodara,Express,Low,1396.0,Long,17,49226.87,4,6,-2,0,0,4,0,On Time
ORD-01346,2023-04-25,2023-04-26,2023-04-29,2023-05-01,Pune,Jaipur,Standard,High,1641.0,Very Long,66,23693.07,4,6,-2,0,0,4,0,On Time
ORD-01347,2022-03-19,2022-03-26,2022-04-02,2022-03-31,Mumbai,Surat,Standard,Medium,1939.0,Very Long,104,43433.6,14,12,2,0,1,3,1,Delayed
ORD-01348,2022-05-25,2022-05-29,2022-05-31,2022-05-30,Kolkata,Visakhapatnam,Same Day,Medium,2137.0,Very Long,5,42513.25,6,5,1,0,0,5,1,Delayed
ORD-01349,2022-08-20,2022-08-23,2022-08-31,2022-08-28,Mumbai,Patna,Standard,Medium,2046.0,Very Long,123,25820.22,11,8,3,0,1,8,1,Delayed
ORD-01350,2023-11-24,2023-11-29,2023-12-05,2023-12-04,Pune,Coimbatore,Standard,Low,1822.0,Very Long,182,35481.04,11,10,1,1,0,11,1,Delayed
ORD-01351,2023-11-22,2023-11-24,2023-11-28,2023-11-27,Ahmedabad,Indore,Express,Critical,1362.0,Long,125,10041.22,6,5,1,1,0,11,1,Delayed
ORD-01352,2023-02-11,2023-02-13,2023-02-16,2023-02-18,Pune,Surat,Standard,Low,1335.0,Long,112,34575.64,5,7,-2,0,1,2,0,On Time
ORD-01353,2023-07-25,2023-07-28,2023-07-30,2023-08-02,Chennai,Bhopal,Standard,High,265.0,Short,16,13983.04,5,8,-3,0,0,7,0,On Time
ORD-01354,2023-01-10,2023-01-12,2023-01-18,2023-01-15,Mumbai,Jaipur,Express,High,2433.0,Very Long,81,41687.07,8,5,3,0,0,1,1,Delayed
ORD-01355,2022-04-03,2022-04-04,2022-04-13,2022-04-09,Hyderabad,Chandigarh,Standard,High,2189.0,Very Long,91,4644.34,10,6,4,0,1,4,1,Delayed
ORD-01356,2023-02-09,2023-02-12,2023-02-23,2023-02-17,Kolkata,Lucknow,Standard,Low,2450.0,Very Long,135,38770.36,14,8,6,0,0,2,1,Delayed
ORD-01357,2022-01-15,2022-01-17,2022-01-19,2022-01-18,Ahmedabad,Agra,Same Day,Medium,1754.0,Very Long,136,5446.88,4,3,1,0,1,1,1,Delayed
ORD-01358,2022-09-28,2022-09-29,2022-10-01,2022-10-07,Pune,Bhubaneswar,Economy,High,412.0,Medium,72,44118.87,3,9,-6,0,0,9,0,On Time
ORD-01359,2023-07-04,2023-07-04,2023-07-08,2023-07-09,Mumbai,Bhopal,Standard,Medium,1766.0,Very Long,96,15558.12,4,5,-1,0,0,7,0,On Time
ORD-01360,2022-05-07,2022-05-10,2022-05-11,2022-05-11,Ahmedabad,Kochi,Same Day,Medium,1243.0,Long,111,32892.47,4,4,0,0,1,5,0,On Time
ORD-01361,2023-04-11,2023-04-12,2023-04-13,2023-04-17,Delhi,Visakhapatnam,Standard,Medium,405.0,Medium,82,24631.36,2,6,-4,0,0,4,0,On Time
ORD-01362,2023-01-13,2023-01-16,2023-01-18,2023-01-19,Chennai,Bhubaneswar,Express,Medium,240.0,Short,38,18632.01,5,6,-1,0,0,1,0,On Time
ORD-01363,2023-11-20,2023-11-25,2023-11-28,2023-12-03,Delhi,Chandigarh,Economy,High,749.0,Medium,54,32449.37,8,13,-5,1,0,11,0,On Time
ORD-01364,2023-11-20,2023-11-21,2023-11-24,2023-11-22,Pune,Agra,Same Day,Medium,2104.0,Very Long,76,47402.39,4,2,2,1,0,11,1,Delayed
ORD-01365,2022-09-26,2022-09-28,2022-10-09,2022-10-06,Delhi,Bhopal,Economy,Medium,2230.0,Very Long,15,2542.85,13,10,3,0,0,9,1,Delayed
ORD-01366,2023-08-22,2023-08-28,2023-08-30,2023-09-02,Delhi,Patna,Standard,Medium,606.0,Medium,178,45983.22,8,11,-3,0,0,8,0,On Time
ORD-01367,2023-01-26,2023-01-28,2023-01-31,2023-02-02,Chennai,Surat,Standard,Medium,875.0,Long,184,30649.54,5,7,-2,0,0,1,0,On Time
ORD-01368,2023-10-16,2023-10-18,2023-10-23,2023-10-26,Chennai,Jaipur,Economy,Low,1104.0,Long,116,40462.06,7,10,-3,1,0,10,0,On Time
ORD-01369,2023-01-16,2023-01-19,2023-01-20,2023-01-24,Bangalore,Vadodara,Standard,Medium,475.0,Medium,9,19501.81,4,8,-4,0,0,1,0,On Time
ORD-01370,2022-04-21,2022-04-22,2022-04-28,2022-04-27,Chennai,Surat,Standard,Medium,2460.0,Very Long,8,23856.23,7,6,1,0,0,4,1,Delayed
ORD-01371,2023-11-23,2023-11-28,2023-11-29,2023-11-29,Ahmedabad,Nagpur,Same Day,High,1624.0,Very Long,110,43508.11,6,6,0,1,0,11,0,On Time
ORD-01372,2022-08-28,2022-08-29,2022-09-08,2022-09-06,Bangalore,Indore,Economy,Medium,2179.0,Very Long,147,21034.97,11,9,2,0,1,8,1,Delayed
ORD-01373,2023-04-28,2023-04-29,2023-05-10,2023-05-07,Chennai,Kochi,Economy,Medium,2453.0,Very Long,51,26965.65,12,9,3,0,0,4,1,Delayed
ORD-01374,2022-01-26,2022-01-27,2022-01-30,2022-02-01,Delhi,Nagpur,Standard,Medium,638.0,Medium,185,1499.65,4,6,-2,0,0,1,0,On Time
ORD-01375,2023-09-27,2023-09-29,2023-10-10,2023-10-07,Hyderabad,Nagpur,Economy,Medium,2062.0,Very Long,196,8350.6,13,10,3,0,0,9,1,Delayed
ORD-01376,2023-07-29,2023-08-01,2023-08-07,2023-08-06,Hyderabad,Kochi,Standard,Critical,1597.0,Very Long,31,32263.48,9,8,1,0,1,7,1,Delayed
ORD-01377,2022-12-02,2022-12-03,2022-12-06,2022-12-08,Bangalore,Indore,Standard,Medium,344.0,Medium,102,35990.36,4,6,-2,1,0,12,0,On Time
ORD-01378,2023-09-17,2023-09-18,2023-09-23,2023-09-21,Chennai,Agra,Express,Low,2035.0,Very Long,3,29338.75,6,4,2,0,1,9,1,Delayed
ORD-01379,2022-08-15,2022-08-17,2022-08-21,2022-08-22,Ahmedabad,Patna,Standard,Low,1297.0,Long,99,7593.85,6,7,-1,0,0,8,0,On Time
ORD-01380,2023-10-26,2023-10-28,2023-11-02,2023-11-02,Kolkata,Visakhapatnam,Standard,Critical,1598.0,Very Long,83,22547.57,7,7,0,1,0,10,0,On Time
ORD-01381,2022-03-06,2022-03-10,2022-03-14,2022-03-13,Mumbai,Coimbatore,Express,Medium,1740.0,Very Long,43,18077.19,8,7,1,0,1,3,1,Delayed
ORD-01382,2023-10-13,2023-10-16,2023-10-21,2023-10-21,Pune,Vadodara,Standard,High,1186.0,Long,29,25035.24,8,8,0,1,0,10,0,On Time
ORD-01383,2023-04-21,2023-04-26,2023-05-02,2023-05-01,Ahmedabad,Indore,Standard,Low,1306.0,Long,10,43581.29,11,10,1,0,0,4,1,Delayed
ORD-01384,2023-12-19,2023-12-22,2023-12-31,2023-12-27,Kolkata,Jaipur,Standard,Critical,2114.0,Very Long,140,38905.14,12,8,4,1,0,12,1,Delayed
ORD-01385,2022-11-06,2022-11-09,2022-11-10,2022-11-12,Pune,Surat,Express,High,409.0,Medium,46,4657.48,4,6,-2,1,1,11,0,On Time
ORD-01386,2023-10-27,2023-10-30,2023-10-31,2023-11-02,Kolkata,Patna,Express,,749.0,Medium,30,44570.31,4,6,-2,1,0,10,0,On Time
ORD-01387,2023-02-23,2023-02-26,2023-02-28,2023-02-27,Kolkata,Lucknow,Same Day,Low,497.0,Medium,94,23852.47,5,4,1,0,0,2,1,Delayed
ORD-01388,2022-04-30,2022-05-04,2022-05-08,2022-05-05,Bangalore,Coimbatore,Same Day,Medium,2462.0,Very Long,32,37321.18,8,5,3,0,1,4,1,Delayed
ORD-01389,2022-05-24,2022-05-26,2022-05-29,2022-05-29,Hyderabad,Surat,Express,Medium,724.0,Medium,47,7431.94,5,5,0,0,0,5,0,On Time
ORD-01390,2022-02-16,2022-02-16,2022-02-21,2022-02-24,Mumbai,Patna,Economy,Medium,1057.0,Long,88,33700.62,5,8,-3,0,0,2,0,On Time
ORD-01391,2022-02-08,2022-02-10,2022-02-13,2022-02-15,Kolkata,Indore,Standard,Medium,1399.0,Long,63,12198.14,5,7,-2,0,0,2,0,On Time
ORD-01392,2022-11-08,2022-11-12,2022-11-13,2022-11-17,Chennai,Kochi,Standard,Low,635.0,Medium,154,22199.85,5,9,-4,1,0,11,0,On Time
ORD-01393,2023-05-20,2023-05-23,2023-05-30,2023-05-31,Pune,Indore,Economy,Medium,1306.0,Long,131,1334.71,10,11,-1,0,1,5,0,On Time
ORD-01394,2022-04-29,2022-05-02,2022-05-07,2022-05-07,Ahmedabad,Coimbatore,Standard,Medium,1297.0,Long,23,8004.73,8,8,0,0,0,4,0,On Time
ORD-01395,2022-04-10,2022-04-13,2022-04-17,2022-04-21,Hyderabad,Lucknow,Economy,Medium,1043.0,Long,74,5057.98,7,11,-4,0,1,4,0,On Time
ORD-01396,2022-08-29,2022-09-05,2022-09-08,2022-09-08,Pune,Patna,Express,Low,1485.0,Long,50,12367.34,10,10,0,0,0,8,0,On Time
ORD-01397,2023-07-05,2023-07-08,2023-07-10,2023-07-09,Bangalore,Vadodara,Same Day,Critical,621.0,Medium,164,5450.9,5,4,1,0,0,7,1,Delayed
ORD-01398,2022-05-19,2022-05-26,2022-05-29,2022-05-29,Chennai,Visakhapatnam,Express,Medium,2432.0,Very Long,124,34749.55,10,10,0,0,0,5,0,On Time
ORD-01399,2023-02-02,2023-02-05,2023-02-09,2023-02-08,Chennai,Jaipur,Express,High,1295.0,Long,13,1937.48,7,6,1,0,0,2,1,Delayed
ORD-01400,2023-04-10,2023-04-10,2023-04-17,2023-04-15,Kolkata,Indore,Standard,Medium,2134.0,Very Long,126,31078.15,7,5,2,0,0,4,1,Delayed
ORD-01401,2023-01-15,2023-01-16,2023-01-19,2023-01-17,Chennai,Vadodara,Same Day,Low,1038.0,Long,29,7465.04,4,2,2,0,1,1,1,Delayed
ORD-01402,2023-11-18,2023-11-18,2023-11-19,2023-11-21,Mumbai,Patna,Express,Medium,327.0,Medium,166,47285.49,1,3,-2,1,1,11,0,On Time
ORD-01403,2023-12-15,2023-12-17,2023-12-22,2023-12-25,Bangalore,Surat,Economy,Medium,1269.0,Long,121,46688.16,7,10,-3,1,0,12,0,On Time
ORD-01404,2023-07-08,2023-07-11,2023-07-17,2023-07-16,Chennai,Vadodara,Standard,High,1937.0,Very Long,90,11662.4,9,8,1,0,1,7,1,Delayed
ORD-01405,2023-03-06,2023-03-09,2023-03-11,2023-03-14,Kolkata,Lucknow,Standard,High,533.0,Medium,133,30913.85,5,8,-3,0,0,3,0,On Time
ORD-01406,2023-08-25,2023-08-26,2023-08-30,2023-08-31,Pune,Jaipur,Standard,Medium,1315.0,Long,148,1886.26,5,6,-1,0,0,8,0,On Time
ORD-01407,2022-06-08,2022-06-12,2022-06-13,2022-06-15,Bangalore,Patna,Express,Critical,780.0,Medium,78,46623.53,5,7,-2,0,0,6,0,On Time
ORD-01408,2023-03-01,2023-03-08,2023-03-20,2023-03-16,Chennai,Bhopal,Economy,Medium,,,109,26387.87,19,15,4,0,0,3,1,Delayed
ORD-01409,2023-11-02,2023-11-06,2023-11-09,2023-11-11,Hyderabad,Indore,Standard,Critical,1090.0,Long,14,2639.55,7,9,-2,1,0,11,0,On Time
ORD-01410,2022-04-12,2022-04-17,2022-04-19,2022-04-20,Bangalore,Visakhapatnam,Express,Critical,967.0,Long,136,17453.75,7,8,-1,0,0,4,0,On Time
ORD-01411,2023-05-17,2023-05-22,2023-05-28,2023-05-27,Bangalore,Coimbatore,Standard,Low,2498.0,Very Long,48,4304.05,11,10,1,0,0,5,1,Delayed
ORD-01412,2023-09-23,2023-09-29,2023-10-01,2023-10-02,Ahmedabad,Agra,Express,Medium,935.0,Long,141,19950.75,8,9,-1,0,1,9,0,On Time
ORD-01413,2023-02-22,2023-02-25,2023-02-26,2023-03-05,Hyderabad,Lucknow,Economy,Medium,71.0,Short,24,33661.35,4,11,-7,0,0,2,0,On Time
ORD-01414,2022-10-14,2022-10-15,2022-10-19,2022-10-20,Hyderabad,Jaipur,Standard,High,523.0,Medium,79,23759.55,5,6,-1,1,0,10,0,On Time
ORD-01415,2022-02-03,2022-02-08,2022-02-11,2022-02-11,Pune,Jaipur,Express,Medium,2307.0,Very Long,193,19494.25,8,8,0,0,0,2,0,On Time
ORD-01416,2023-12-08,2023-12-12,2023-12-21,2023-12-20,Delhi,Agra,Economy,Critical,2403.0,Very Long,162,6398.27,13,12,1,1,0,12,1,Delayed
ORD-01417,2023-01-15,2023-01-18,2023-01-23,2023-01-26,Ahmedabad,Coimbatore,Economy,High,753.0,Medium,51,12624.48,8,11,-3,0,1,1,0,On Time
ORD-01418,2022-08-11,2022-08-12,2022-08-14,2022-08-15,Hyderabad,Nagpur,Express,Medium,736.0,Medium,3,5457.09,3,4,-1,0,0,8,0,On Time
ORD-01419,2023-03-31,2023-04-01,2023-04-02,2023-04-04,Hyderabad,Bhubaneswar,Express,Low,334.0,Medium,128,40471.19,2,4,-2,0,0,3,0,On Time
ORD-01420,2023-04-01,2023-04-04,2023-04-05,2023-04-09,Delhi,Agra,Standard,High,765.0,Medium,119,7194.37,4,8,-4,0,1,4,0,On Time
ORD-01421,2022-08-30,2022-09-02,2022-09-06,2022-09-05,Pune,Lucknow,Express,Low,812.0,Long,58,29970.98,7,6,1,0,0,8,1,Delayed
ORD-01422,2023-01-07,2023-01-15,2023-01-24,2023-01-23,Ahmedabad,Jaipur,Economy,High,1300.0,Long,125,17465.65,17,16,1,0,1,1,1,Delayed
ORD-01423,2022-04-12,2022-04-15,2022-04-16,2022-04-18,Hyderabad,Patna,Express,Medium,997.0,Long,113,11685.93,4,6,-2,0,0,4,0,On Time
ORD-01424,2023-12-04,2023-12-11,2023-12-19,2023-12-16,Kolkata,Vadodara,Standard,Medium,2478.0,Very Long,55,32153.69,15,12,3,1,0,12,1,Delayed
ORD-01425,2023-01-12,2023-01-16,2023-01-22,2023-01-21,Pune,Nagpur,Standard,Low,1080.0,Long,119,23121.61,10,9,1,0,0,1,1,Delayed
ORD-01426,2023-07-12,2023-07-14,2023-07-15,2023-07-19,Ahmedabad,Bhubaneswar,Standard,High,78.0,Short,120,20307.2,3,7,-4,0,0,7,0,On Time
ORD-01427,2023-10-23,2023-10-26,2023-10-28,2023-10-31,Hyderabad,Agra,Standard,Low,956.0,Long,80,29846.17,5,8,-3,1,0,10,0,On Time
ORD-01428,2023-01-03,2023-01-08,2023-01-15,2023-01-13,Hyderabad,Visakhapatnam,Standard,High,,,42,24817.75,12,10,2,0,0,1,1,Delayed
ORD-01429,2022-03-04,2022-03-11,2022-03-12,2022-03-14,Delhi,Surat,Express,Medium,619.0,Medium,21,15522.47,8,10,-2,0,0,3,0,On Time
ORD-01430,2023-02-12,2023-02-14,2023-02-18,2023-02-19,Ahmedabad,Coimbatore,Standard,High,2056.0,Very Long,10,28173.53,6,7,-1,0,1,2,0,On Time
ORD-01431,2022-10-10,2022-10-11,2022-10-18,2022-10-16,Kolkata,Patna,Standard,Medium,1503.0,Very Long,57,33640.18,8,6,2,1,0,10,1,Delayed
ORD-01432,2022-07-14,2022-07-19,2022-07-20,2022-07-22,Pune,Indore,Express,Low,787.0,Medium,153,1821.31,6,8,-2,0,0,7,0,On Time
ORD-01433,2022-05-06,2022-05-09,2022-05-11,2022-05-14,Chennai,Bhubaneswar,Standard,High,565.0,Medium,56,23560.65,5,8,-3,0,0,5,0,On Time
ORD-01434,2023-04-11,2023-04-14,2023-04-22,2023-04-19,Mumbai,Visakhapatnam,Standard,Low,2050.0,Very Long,38,3355.32,11,8,3,0,0,4,1,Delayed
ORD-01435,2022-04-04,2022-04-06,2022-04-12,2022-04-11,Kolkata,Agra,,Medium,2494.0,Very Long,86,9727.07,8,7,1,0,0,4,1,Delayed
ORD-01436,2023-11-10,2023-11-12,2023-11-13,2023-11-17,Chennai,Visakhapatnam,Standard,Low,88.0,Short,113,28245.18,3,7,-4,1,0,11,0,On Time
ORD-01437,2022-08-06,2022-08-12,2022-08-16,2022-08-15,Kolkata,Visakhapatnam,Express,High,936.0,Long,189,43376.35,10,9,1,0,1,8,1,Delayed
ORD-01438,2023-10-20,2023-10-24,2023-11-01,2023-10-29,Ahmedabad,Visakhapatnam,Standard,Critical,2254.0,Very Long,112,44198.88,12,9,3,1,0,10,1,Delayed
ORD-01439,2023-10-17,2023-10-18,2023-10-19,2023-10-19,Chennai,Lucknow,Same Day,Medium,1148.0,Long,175,3962.23,2,2,0,1,0,10,0,On Time
ORD-01440,2023-09-04,2023-09-09,2023-09-20,2023-09-17,Ahmedabad,Indore,Economy,Medium,1873.0,Very Long,54,21245.7,16,13,3,0,0,9,1,Delayed
ORD-01441,2022-01-22,2022-01-23,2022-01-27,2022-01-24,Chennai,Chandigarh,Same Day,High,1760.0,Very Long,46,29358.82,5,2,3,0,1,1,1,Delayed
ORD-01442,2022-02-21,2022-02-25,2022-02-27,2022-02-28,Kolkata,Chandigarh,Express,Low,1023.0,Long,196,7779.96,6,7,-1,0,0,2,0,On Time
ORD-01443,2022-12-08,2022-12-11,2022-12-18,2022-12-19,Delhi,Lucknow,Economy,Critical,1612.0,Very Long,4,38388.89,10,11,-1,1,0,12,0,On Time
ORD-01444,2022-09-07,2022-09-10,2022-09-11,2022-09-13,Kolkata,Surat,Express,Low,1038.0,Long,194,37339.65,4,6,-2,0,0,9,0,On Time
ORD-01445,2022-05-09,2022-05-16,2022-05-17,2022-05-21,Ahmedabad,Bhubaneswar,Standard,Critical,70.0,Short,171,45215.38,8,12,-4,0,0,5,0,On Time
ORD-01446,2023-08-02,2023-08-04,2023-08-12,2023-08-09,Kolkata,Vadodara,Standard,High,2400.0,Very Long,62,920.06,10,7,3,0,0,8,1,Delayed
ORD-01447,2022-07-30,2022-07-30,2022-08-05,2022-08-07,Bangalore,Nagpur,Economy,High,918.0,Long,124,11225.87,6,8,-2,0,1,7,0,On Time
ORD-01448,2022-03-12,2022-03-15,2022-03-16,2022-03-20,Bangalore,Agra,Standard,High,133.0,Short,128,41445.74,4,8,-4,0,1,3,0,On Time
ORD-01449,2023-07-22,2023-07-24,2023-07-28,2023-07-29,Chennai,Agra,Standard,Medium,1732.0,Very Long,112,33693.71,6,7,-1,0,1,7,0,On Time
ORD-01450,2022-08-01,2022-08-01,2022-08-03,2022-08-02,Bangalore,Bhopal,Same Day,,2026.0,Very Long,85,44772.3,2,1,1,0,0,8,1,Delayed
ORD-01451,2023-08-24,2023-08-28,2023-09-04,2023-09-05,Mumbai,Coimbatore,Economy,Low,1460.0,Long,4,3330.39,11,12,-1,0,0,8,0,On Time
ORD-01452,2022-08-10,2022-08-15,2022-08-19,2022-08-20,Chennai,Jaipur,Standard,High,1580.0,Very Long,65,30049.72,9,10,-1,0,0,8,0,On Time
ORD-01453,2022-08-27,2022-08-31,2022-09-01,2022-09-03,Bangalore,Bhopal,Express,High,619.0,Medium,62,28667.81,5,7,-2,0,1,8,0,On Time
ORD-01454,2022-12-03,2022-12-07,2022-12-10,2022-12-12,Hyderabad,Coimbatore,Standard,High,983.0,Long,90,2265.88,7,9,-2,1,1,12,0,On Time
ORD-01455,2022-06-01,2022-06-06,2022-06-08,2022-06-07,Kolkata,Chandigarh,Same Day,Medium,2030.0,Very Long,120,25919.34,7,6,1,0,0,6,1,Delayed
ORD-01456,2023-09-03,2023-09-04,2023-09-11,2023-09-09,Pune,Vadodara,Standard,Low,1905.0,Very Long,130,30671.26,8,6,2,0,1,9,1,Delayed
ORD-01457,2022-01-03,2022-01-06,2022-01-09,2022-01-11,Kolkata,Chandigarh,Standard,Medium,842.0,Long,137,9969.01,6,8,-2,0,0,1,0,On Time
ORD-01458,2022-10-11,2022-10-19,2022-10-23,2022-10-27,Bangalore,Surat,Economy,High,841.0,Long,185,14029.81,12,16,-4,1,0,10,0,On Time
ORD-01459,2022-05-29,2022-05-31,2022-06-05,2022-06-03,Delhi,Bhopal,Express,Medium,1859.0,Very Long,45,32197.19,7,5,2,0,1,5,1,Delayed
ORD-01460,2022-05-14,2022-05-21,2022-05-22,2022-05-24,Ahmedabad,Agra,Express,Medium,1344.0,Long,146,23680.9,8,10,-2,0,1,5,0,On Time
ORD-01461,2023-07-08,2023-07-11,2023-07-16,2023-07-14,Pune,Bhopal,Express,High,2305.0,Very Long,112,42971.68,8,6,2,0,1,7,1,Delayed
ORD-01462,2022-09-14,2022-09-16,2022-09-19,2022-09-21,Chennai,Nagpur,Standard,Medium,1657.0,Very Long,176,17447.9,5,7,-2,0,0,9,0,On Time
ORD-01463,2022-06-28,2022-06-30,2022-07-01,2022-07-03,Delhi,Surat,Express,Medium,1133.0,Long,42,13699.65,3,5,-2,0,0,6,0,On Time
ORD-01464,2022-04-23,2022-04-23,2022-04-25,2022-04-28,Kolkata,Surat,Standard,Medium,1034.0,Long,41,49250.86,2,5,-3,0,1,4,0,On Time
ORD-01465,2023-11-08,2023-11-10,2023-11-17,2023-11-15,Bangalore,Visakhapatnam,Standard,High,1730.0,Very Long,89,45601.22,9,7,2,1,0,11,1,Delayed
ORD-01466,2022-01-27,2022-01-28,2022-01-30,2022-02-02,Chennai,Visakhapatnam,Standard,Medium,569.0,Medium,186,1935.14,3,6,-3,0,0,1,0,On Time
ORD-01467,2022-05-15,2022-05-16,2022-05-17,2022-05-19,Chennai,Vadodara,Express,High,640.0,Medium,42,38651.07,2,4,-2,0,1,5,0,On Time
ORD-01468,2022-01-16,2022-01-17,2022-01-21,2022-01-25,Hyderabad,Lucknow,Economy,Low,1100.0,Long,35,5961.57,5,9,-4,0,1,1,0,On Time
ORD-01469,2023-01-02,2023-01-05,2023-01-13,2023-01-13,Hyderabad,Visakhapatnam,Economy,High,1759.0,Very Long,166,1860.52,11,11,0,0,0,1,0,On Time
ORD-01470,2022-09-01,2022-09-02,2022-09-05,2022-09-05,Bangalore,Indore,Express,Medium,2085.0,Very Long,67,14047.93,4,4,0,0,0,9,0,On Time
ORD-01471,2023-08-26,2023-08-29,2023-09-06,2023-09-03,Bangalore,Surat,Standard,Medium,2296.0,Very Long,41,13832.62,11,8,3,0,1,8,1,Delayed
ORD-01472,2022-11-28,2022-11-30,2022-12-03,2022-12-03,Mumbai,Surat,Express,High,2484.0,Very Long,99,41056.28,5,5,0,1,0,11,0,On Time
ORD-01473,2022-01-17,2022-01-22,2022-01-26,2022-01-30,Hyderabad,Patna,Economy,High,398.0,Medium,50,35678.03,9,13,-4,0,0,1,0,On Time
ORD-01474,2022-06-28,2022-06-30,2022-07-01,2022-07-05,Ahmedabad,Bhubaneswar,Standard,Low,1009.0,Long,104,49089.67,3,7,-4,0,0,6,0,On Time
ORD-01475,2022-09-29,2022-10-03,2022-10-12,2022-10-11,Pune,Bhubaneswar,Economy,High,2013.0,Very Long,86,35719.89,13,12,1,0,0,9,1,Delayed
ORD-01476,2022-02-23,2022-02-24,2022-03-01,2022-03-01,Chennai,Visakhapatnam,Standard,Medium,742.0,Medium,79,21203.65,6,6,0,0,0,2,0,On Time
ORD-01477,2022-05-10,2022-05-13,2022-05-20,2022-05-21,Hyderabad,Kochi,Economy,Critical,1609.0,Very Long,45,35096.92,10,11,-1,0,0,5,0,On Time
ORD-01478,2023-03-08,2023-03-09,2023-03-10,2023-03-17,Bangalore,Bhopal,Economy,High,427.0,Medium,199,49973.22,2,9,-7,0,0,3,0,On Time
ORD-01479,2023-06-23,2023-06-28,2023-07-01,2023-07-06,Mumbai,Jaipur,Economy,Medium,576.0,Medium,147,35652.02,8,13,-5,0,0,6,0,On Time
ORD-01480,2022-04-27,2022-04-29,2022-05-06,2022-05-04,Bangalore,Bhopal,Standard,High,2303.0,Very Long,106,38203.23,9,7,2,0,0,4,1,Delayed
ORD-01481,2022-03-07,2022-03-09,2022-03-12,2022-03-14,Bangalore,Coimbatore,Standard,Medium,1309.0,Long,145,46949.07,5,7,-2,0,0,3,0,On Time
ORD-01482,2023-05-03,2023-05-03,2023-05-08,2023-05-08,Bangalore,Lucknow,Standard,Low,1925.0,Very Long,193,6125.74,5,5,0,0,0,5,0,On Time
ORD-01483,2023-04-05,2023-04-12,2023-04-22,2023-04-17,Kolkata,Lucknow,Standard,Critical,1813.0,Very Long,122,35386.82,17,12,5,0,0,4,1,Delayed
ORD-01484,2023-01-06,2023-01-06,2023-01-08,2023-01-11,Pune,Vadodara,Standard,High,570.0,Medium,77,42614.89,2,5,-3,0,0,1,0,On Time
ORD-01485,2023-06-10,2023-06-11,2023-06-12,2023-06-14,Hyderabad,Vadodara,Express,Medium,1751.0,Very Long,56,47741.74,2,4,-2,0,1,6,0,On Time
ORD-01486,2023-08-31,2023-09-05,2023-09-09,2023-09-08,Chennai,Lucknow,Express,Medium,1066.0,Long,112,10942.98,9,8,1,0,0,8,1,Delayed
ORD-01487,2022-04-22,2022-04-23,2022-04-26,2022-04-26,Kolkata,Indore,Express,Medium,1063.0,Long,93,25444.49,4,4,0,0,0,4,0,On Time
ORD-01488,2023-04-08,2023-04-12,2023-04-13,2023-04-15,Bangalore,Agra,Express,Critical,166.0,Short,41,34187.46,5,7,-2,0,1,4,0,On Time
ORD-01489,2023-05-31,2023-06-03,2023-06-10,2023-06-08,Ahmedabad,Jaipur,Standard,Low,2483.0,Very Long,170,12749.65,10,8,2,0,0,5,1,Delayed
ORD-01490,2022-08-15,2022-08-19,2022-08-27,2022-08-27,Chennai,Bhubaneswar,Economy,Medium,1417.0,Long,6,30223.41,12,12,0,0,0,8,0,On Time
ORD-01491,2023-09-22,2023-09-23,2023-09-25,2023-09-28,Kolkata,Nagpur,Standard,Medium,633.0,Medium,197,13250.15,3,6,-3,0,0,9,0,On Time
ORD-01492,2022-02-14,2022-02-16,2022-02-17,2022-02-19,Ahmedabad,Vadodara,Express,Medium,444.0,Medium,98,17006.12,3,5,-2,0,0,2,0,On Time
ORD-01493,2023-11-06,2023-11-10,2023-11-15,2023-11-13,Ahmedabad,Bhubaneswar,Express,Medium,1137.0,Long,73,22355.18,9,7,2,1,0,11,1,Delayed
ORD-01494,2023-06-18,2023-06-19,2023-06-20,2023-06-27,Pune,Indore,Economy,Low,121.0,Short,168,26694.91,2,9,-7,0,1,6,0,On Time
ORD-01495,2022-11-05,2022-11-08,2022-11-11,2022-11-13,Chennai,Lucknow,Standard,Low,323.0,Medium,41,22743.61,6,8,-2,1,1,11,0,On Time
ORD-01496,2023-04-15,2023-04-21,2023-04-27,2023-04-24,Hyderabad,Indore,Express,Medium,2063.0,Very Long,9,24913.18,12,9,3,0,1,4,1,Delayed
ORD-01497,2023-10-21,2023-10-26,2023-10-27,2023-10-29,Hyderabad,Bhubaneswar,Express,Critical,1393.0,Long,8,15280.14,6,8,-2,1,1,10,0,On Time
ORD-01498,2022-02-01,2022-02-05,2022-02-08,2022-02-10,Mumbai,Nagpur,Standard,Low,387.0,Medium,172,8368.77,7,9,-2,0,0,2,0,On Time
ORD-01499,2022-03-04,2022-03-08,2022-03-10,2022-03-11,Kolkata,Kochi,,High,1439.0,Long,186,2843.82,6,7,-1,0,0,3,0,On Time
ORD-01500,2023-05-06,2023-05-06,2023-05-07,2023-05-14,Mumbai,Jaipur,Economy,High,656.0,Medium,104,10200.95,1,8,-7,0,1,5,0,On Time
ORD-01501,2023-02-16,2023-02-18,2023-02-19,2023-02-26,Delhi,Visakhapatnam,Economy,High,215.0,Short,195,29306.21,3,10,-7,0,0,2,0,On Time
ORD-01502,2023-03-13,2023-03-18,2023-03-24,2023-03-23,Hyderabad,Indore,Standard,High,1617.0,Very Long,13,39412.71,11,10,1,0,0,3,1,Delayed
ORD-01503,2023-12-04,2023-12-08,2023-12-14,2023-12-13,Kolkata,Vadodara,Standard,Medium,2108.0,Very Long,19,8877.76,10,9,1,1,0,12,1,Delayed
ORD-01504,2022-04-21,2022-04-23,2022-04-27,2022-04-28,Pune,Vadodara,Standard,Medium,1374.0,Long,98,5873.49,6,7,-1,0,0,4,0,On Time
ORD-01505,2023-05-18,2023-05-22,2023-05-26,2023-05-27,Mumbai,Coimbatore,Standard,Medium,778.0,Medium,96,37589.87,8,9,-1,0,0,5,0,On Time
ORD-01506,2023-12-31,2024-01-08,2024-01-15,2024-01-13,Pune,Visakhapatnam,Standard,Medium,2093.0,Very Long,49,15605.34,15,13,2,1,1,12,1,Delayed
ORD-01507,2023-03-31,2023-04-02,2023-04-03,2023-04-07,Pune,Bhubaneswar,Standard,High,151.0,Short,100,47599.22,3,7,-4,0,0,3,0,On Time
ORD-01508,2022-03-17,2022-03-24,2022-04-01,2022-04-01,Bangalore,Jaipur,Economy,High,1465.0,Long,82,35858.74,15,15,0,0,0,3,0,On Time
ORD-01509,2022-03-24,2022-03-29,2022-04-02,2022-04-06,Bangalore,Bhubaneswar,Economy,High,828.0,Long,158,16674.42,9,13,-4,0,0,3,0,On Time
ORD-01510,2022-11-26,2022-11-29,2022-11-30,2022-12-04,Pune,Bhubaneswar,Standard,,263.0,Short,66,14832.37,4,8,-4,1,1,11,0,On Time
ORD-01511,2023-09-15,2023-09-16,2023-09-21,2023-09-21,Mumbai,Nagpur,Standard,Critical,1161.0,Long,91,26423.07,6,6,0,0,0,9,0,On Time
ORD-01512,2022-06-01,2022-06-05,2022-06-09,2022-06-08,Bangalore,Kochi,Express,Medium,1626.0,Very Long,59,4417.66,8,7,1,0,0,6,1,Delayed
ORD-01513,2022-03-09,2022-03-14,2022-03-22,2022-03-19,Delhi,Jaipur,,Medium,2498.0,Very Long,53,6324.99,13,10,3,0,0,3,1,Delayed
ORD-01514,2022-05-10,2022-05-13,2022-05-18,2022-05-16,Ahmedabad,Coimbatore,Express,Medium,1745.0,Very Long,52,9204.97,8,6,2,0,0,5,1,Delayed
ORD-01515,2022-10-09,2022-10-10,2022-10-11,2022-10-13,Ahmedabad,Lucknow,Express,High,641.0,Medium,81,38848.82,2,4,-2,1,1,10,0,On Time
ORD-01516,2023-10-02,2023-10-06,2023-10-13,2023-10-14,Bangalore,Jaipur,Economy,Medium,1383.0,Long,159,25935.94,11,12,-1,1,0,10,0,On Time
ORD-01517,2023-10-11,2023-10-14,2023-10-15,2023-10-15,Mumbai,Coimbatore,Same Day,Critical,1159.0,Long,15,1023.07,4,4,0,1,0,10,0,On Time
ORD-01518,2023-08-23,2023-08-25,2023-08-30,2023-08-28,Ahmedabad,Surat,Express,Critical,2189.0,Very Long,121,33839.07,7,5,2,0,0,8,1,Delayed
ORD-01519,2023-07-16,2023-07-17,2023-07-21,2023-07-20,Chennai,Lucknow,Express,High,763.0,Medium,148,21472.66,5,4,1,0,1,7,1,Delayed
ORD-01520,2023-12-31,2023-12-31,2024-01-02,2024-01-05,Ahmedabad,Jaipur,Standard,Low,985.0,Long,5,25787.19,2,5,-3,1,1,12,0,On Time
ORD-01521,2022-11-29,2022-12-02,2022-12-05,2022-12-05,Hyderabad,Visakhapatnam,Express,High,2001.0,Very Long,135,11098.75,6,6,0,1,0,11,0,On Time
ORD-01522,2023-01-26,2023-01-29,2023-01-30,2023-02-01,Mumbai,Patna,Express,High,291.0,Short,18,27813.22,4,6,-2,0,0,1,0,On Time
ORD-01523,2023-09-04,2023-09-07,2023-09-14,2023-09-12,Bangalore,Patna,Standard,Low,2093.0,Very Long,56,48968.09,10,8,2,0,0,9,1,Delayed
ORD-01524,2023-06-28,2023-06-28,2023-06-29,2023-07-03,Bangalore,Bhubaneswar,Standard,Low,51.0,Short,75,4135.51,1,5,-4,0,0,6,0,On Time
ORD-01525,2022-10-29,2022-11-02,2022-11-10,2022-11-07,Ahmedabad,Lucknow,Standard,Low,2322.0,Very Long,96,14553.91,12,9,3,1,1,10,1,Delayed
ORD-01526,2023-04-10,2023-04-11,2023-04-21,2023-04-19,Mumbai,Jaipur,Economy,Low,1818.0,Very Long,114,12528.38,11,9,2,0,0,4,1,Delayed
ORD-01527,2023-06-02,2023-06-02,2023-06-09,2023-06-07,Delhi,Vadodara,Standard,Medium,1999.0,Very Long,101,12803.19,7,5,2,0,0,6,1,Delayed
ORD-01528,2023-09-12,2023-09-14,2023-09-19,2023-09-19,Chennai,Bhubaneswar,Standard,Critical,2213.0,Very Long,173,19245.96,7,7,0,0,0,9,0,On Time
ORD-01529,2023-03-17,2023-03-19,2023-03-24,2023-03-24,Bangalore,Bhopal,Standard,Medium,967.0,Long,28,40996.43,7,7,0,0,0,3,0,On Time
ORD-01530,2022-04-12,2022-04-16,2022-04-22,2022-04-19,Mumbai,Bhubaneswar,Express,Medium,2291.0,Very Long,50,45686.51,10,7,3,0,0,4,1,Delayed
ORD-01531,2023-12-20,2023-12-22,2023-12-24,2023-12-27,Bangalore,Vadodara,Standard,Critical,139.0,Short,2,10509.65,4,7,-3,1,0,12,0,On Time
ORD-01532,2022-04-28,2022-04-28,2022-05-07,2022-05-06,Bangalore,Indore,Economy,Medium,1759.0,Very Long,68,27376.02,9,8,1,0,0,4,1,Delayed
ORD-01533,2023-11-02,2023-11-07,2023-11-18,2023-11-15,Hyderabad,Patna,Economy,High,2219.0,Very Long,128,32026.5,16,13,3,1,0,11,1,Delayed
ORD-01534,2023-10-29,2023-10-31,2023-11-02,2023-11-03,Ahmedabad,Bhopal,Express,Medium,192.0,Short,77,26330.46,4,5,-1,1,1,10,0,On Time
ORD-01535,2023-07-19,2023-07-22,2023-07-25,2023-07-25,Hyderabad,Chandigarh,Express,Medium,155.0,Short,24,21986.78,6,6,0,0,0,7,0,On Time
ORD-01536,2022-08-09,2022-08-12,2022-08-14,2022-08-17,Ahmedabad,Coimbatore,Standard,Medium,936.0,Long,112,10002.79,5,8,-3,0,0,8,0,On Time
ORD-01537,2023-03-17,2023-03-22,2023-03-25,2023-03-27,Bangalore,Indore,Standard,Medium,477.0,Medium,176,24666.86,8,10,-2,0,0,3,0,On Time
ORD-01538,2023-04-08,2023-04-11,2023-04-12,2023-04-12,Mumbai,Agra,Same Day,Low,1378.0,Long,173,20360.13,4,4,0,0,1,4,0,On Time
ORD-01539,2022-08-22,2022-08-26,2022-09-01,2022-08-31,Pune,Lucknow,Standard,High,1945.0,Very Long,119,39880.39,10,9,1,0,0,8,1,Delayed
ORD-01540,2023-02-28,2023-03-03,2023-03-08,2023-03-08,Ahmedabad,Bhubaneswar,Standard,Medium,2044.0,Very Long,186,38298.42,8,8,0,0,0,2,0,On Time
ORD-01541,2022-12-14,2022-12-19,2022-12-20,2022-12-22,Pune,Patna,Express,High,366.0,Medium,36,7132.93,6,8,-2,1,0,12,0,On Time
ORD-01542,2023-04-10,2023-04-14,2023-04-19,2023-04-19,Chennai,Visakhapatnam,Standard,Medium,2036.0,Very Long,2,4881.69,9,9,0,0,0,4,0,On Time
ORD-01543,2023-02-13,2023-02-17,2023-02-20,2023-02-25,Hyderabad,Kochi,Economy,Low,684.0,Medium,127,45453.62,7,12,-5,0,0,2,0,On Time
ORD-01544,2023-03-02,2023-03-02,2023-03-07,2023-03-07,Pune,Coimbatore,Standard,High,1975.0,Very Long,105,27007.67,5,5,0,0,0,3,0,On Time
ORD-01545,2022-04-08,2022-04-11,2022-04-12,2022-04-12,Hyderabad,Patna,Same Day,Low,2106.0,Very Long,18,42961.15,4,4,0,0,0,4,0,On Time
ORD-01546,2022-11-17,2022-11-23,2022-11-27,2022-11-26,Ahmedabad,Nagpur,Express,High,2320.0,Very Long,177,3378.48,10,9,1,1,0,11,1,Delayed
ORD-01547,2023-03-14,2023-03-15,2023-03-17,2023-03-16,Ahmedabad,Patna,Same Day,Critical,1489.0,Long,8,26562.52,3,2,1,0,0,3,1,Delayed
ORD-01548,2022-11-17,2022-11-17,2022-11-18,2022-11-22,Chennai,Kochi,Standard,High,602.0,Medium,186,27201.61,1,5,-4,1,0,11,0,On Time
ORD-01549,2023-11-13,2023-11-18,2023-11-19,2023-11-21,Ahmedabad,Kochi,Express,Low,765.0,Medium,15,43104.75,6,8,-2,1,0,11,0,On Time
ORD-01550,2022-09-19,2022-09-20,2022-09-27,2022-09-28,Bangalore,Agra,Economy,Medium,1337.0,Long,145,5331.69,8,9,-1,0,0,9,0,On Time
ORD-01551,2023-01-19,2023-01-22,2023-01-24,2023-01-25,Chennai,Bhubaneswar,Express,High,1763.0,Very Long,23,12402.06,5,6,-1,0,0,1,0,On Time
ORD-01552,2022-06-06,2022-06-06,2022-06-14,2022-06-11,Pune,Lucknow,Standard,High,1933.0,Very Long,194,20623.65,8,5,3,0,0,6,1,Delayed
ORD-01553,2023-12-05,2023-12-10,2023-12-13,2023-12-13,Ahmedabad,Kochi,Express,Low,1157.0,Long,198,43359.15,8,8,0,1,0,12,0,On Time
ORD-01554,2023-05-01,2023-05-03,2023-05-05,2023-05-04,Mumbai,Patna,Same Day,Medium,1391.0,Long,93,46974.72,4,3,1,0,0,5,1,Delayed
ORD-01555,2022-03-10,2022-03-12,2022-03-14,2022-03-15,Kolkata,Lucknow,Express,Medium,160.0,Short,155,49639.87,4,5,-1,0,0,3,0,On Time
ORD-01556,2022-04-04,2022-04-06,2022-04-07,2022-04-14,Delhi,Jaipur,Economy,,300.0,Short,165,47980.08,3,10,-7,0,0,4,0,On Time
ORD-01557,2022-03-29,2022-04-02,2022-04-09,2022-04-07,Bangalore,Patna,Standard,Medium,2480.0,Very Long,49,794.12,11,9,2,0,0,3,1,Delayed
ORD-01558,2022-04-06,2022-04-12,2022-04-18,2022-04-15,Kolkata,Agra,Express,Medium,2104.0,Very Long,64,2861.56,12,9,3,0,0,4,1,Delayed
ORD-01559,2023-03-19,2023-03-20,2023-03-21,2023-03-21,Kolkata,Surat,Same Day,High,508.0,Medium,34,7806.54,2,2,0,0,1,3,0,On Time
ORD-01560,2022-04-09,2022-04-12,2022-04-14,2022-04-15,Hyderabad,Vadodara,Express,Critical,1157.0,Long,18,17768.67,5,6,-1,0,1,4,0,On Time
ORD-01561,2023-01-17,2023-01-24,2023-01-27,2023-02-01,Bangalore,Vadodara,Economy,High,257.0,Short,64,41580.94,10,15,-5,0,0,1,0,On Time
ORD-01562,2022-05-14,2022-05-15,2022-05-19,2022-05-23,Bangalore,Bhubaneswar,Economy,Medium,949.0,Long,106,44686.48,5,9,-4,0,1,5,0,On Time
ORD-01563,2023-07-24,2023-07-30,2023-07-31,2023-08-02,Chennai,Indore,Express,Medium,71.0,Short,74,9748.3,7,9,-2,0,0,7,0,On Time
ORD-01564,2022-03-03,2022-03-04,2022-03-06,2022-03-09,Hyderabad,Vadodara,Standard,Critical,459.0,Medium,102,31173.38,3,6,-3,0,0,3,0,On Time
ORD-01565,2023-08-24,2023-08-28,2023-08-30,2023-09-02,Pune,Bhubaneswar,Standard,Critical,944.0,Long,172,45909.42,6,9,-3,0,0,8,0,On Time
ORD-01566,2023-07-30,2023-07-31,2023-08-01,2023-08-01,Delhi,Kochi,Same Day,Critical,564.0,Medium,17,23454.72,2,2,0,0,1,7,0,On Time
ORD-01567,2023-07-30,2023-08-02,2023-08-08,2023-08-10,Pune,Coimbatore,Economy,High,858.0,Long,187,5625.41,9,11,-2,0,1,7,0,On Time
ORD-01568,2022-12-04,2022-12-04,2022-12-08,2022-12-09,Mumbai,Agra,Standard,Medium,923.0,Long,141,23161.78,4,5,-1,1,1,12,0,On Time
ORD-01569,2023-11-18,2023-11-25,2023-11-26,2023-11-30,Delhi,Visakhapatnam,Standard,High,63.0,Short,52,19101.85,8,12,-4,1,1,11,0,On Time
ORD-01570,2022-05-06,2022-05-07,2022-05-10,2022-05-12,Hyderabad,Chandigarh,Standard,Medium,1020.0,Long,188,29094.07,4,6,-2,0,0,5,0,On Time
ORD-01571,2023-02-25,2023-02-28,2023-03-11,2023-03-08,Ahmedabad,Nagpur,Economy,Medium,2184.0,Very Long,170,22213.6,14,11,3,0,1,2,1,Delayed
ORD-01572,2022-12-29,2023-01-05,2023-01-11,2023-01-10,Ahmedabad,Surat,Standard,High,1610.0,Very Long,64,1358.62,13,12,1,1,0,12,1,Delayed
ORD-01573,2023-11-13,2023-11-14,2023-11-18,2023-11-17,Hyderabad,Kochi,Express,Low,1374.0,Long,194,49702.89,5,4,1,1,0,11,1,Delayed
ORD-01574,2023-03-10,2023-03-13,2023-03-15,2023-03-16,Pune,Agra,Express,Low,1316.0,Long,34,27405.24,5,6,-1,0,0,3,0,On Time
ORD-01575,2022-02-22,2022-03-02,2022-03-14,2022-03-10,Hyderabad,Patna,Economy,Medium,2219.0,Very Long,95,23944.72,20,16,4,0,0,2,1,Delayed
ORD-01576,2022-10-22,2022-10-25,2022-10-27,2022-10-28,Hyderabad,Lucknow,Express,Medium,799.0,Medium,87,47753.56,5,6,-1,1,1,10,0,On Time
ORD-01577,2023-09-07,2023-09-07,2023-09-08,2023-09-10,Kolkata,Surat,Express,High,734.0,Medium,199,8215.09,1,3,-2,0,0,9,0,On Time
ORD-01578,2022-11-16,2022-11-20,2022-11-27,2022-11-25,Mumbai,Agra,Standard,Low,1977.0,Very Long,102,9867.26,11,9,2,1,0,11,1,Delayed
ORD-01579,2022-12-27,2022-12-28,2022-12-30,2022-12-31,Bangalore,Chandigarh,Express,Low,2406.0,Very Long,192,40496.73,3,4,-1,1,0,12,0,On Time
ORD-01580,2022-04-17,2022-04-18,2022-04-19,2022-04-19,Ahmedabad,Indore,Same Day,Low,744.0,Medium,161,13411.14,2,2,0,0,1,4,0,On Time
ORD-01581,2023-08-15,2023-08-15,2023-08-28,2023-08-23,Kolkata,Lucknow,Economy,Low,2385.0,Very Long,140,40061.74,13,8,5,0,0,8,1,Delayed
ORD-01582,2023-06-04,2023-06-07,2023-06-09,2023-06-12,Hyderabad,Nagpur,Standard,Low,356.0,Medium,76,13940.91,5,8,-3,0,1,6,0,On Time
ORD-01583,2022-08-06,2022-08-12,2022-08-18,2022-08-17,Chennai,Bhopal,Standard,High,2039.0,Very Long,19,2142.79,12,11,1,0,1,8,1,Delayed
ORD-01584,2022-06-08,2022-06-10,2022-06-13,2022-06-15,Kolkata,Nagpur,Standard,Medium,711.0,Medium,137,26092.23,5,7,-2,0,0,6,0,On Time
ORD-01585,2023-11-04,2023-11-08,2023-11-12,2023-11-13,Hyderabad,Bhubaneswar,Standard,High,598.0,Medium,74,10235.98,8,9,-1,1,1,11,0,On Time
ORD-01586,2023-05-09,2023-05-11,2023-05-15,2023-05-19,Ahmedabad,Surat,Economy,Critical,361.0,Medium,145,38013.39,6,10,-4,0,0,5,0,On Time
ORD-01587,2022-08-18,2022-08-21,2022-08-25,2022-08-26,Bangalore,Bhubaneswar,Standard,High,1132.0,Long,50,32239.38,7,8,-1,0,0,8,0,On Time
ORD-01588,2022-04-21,2022-04-23,2022-04-27,2022-04-26,Hyderabad,Kochi,Express,Low,1787.0,Very Long,39,46218.33,6,5,1,0,0,4,1,Delayed
ORD-01589,2022-12-25,2022-12-31,2023-01-04,2023-01-05,Mumbai,Jaipur,Standard,Low,804.0,Long,169,39257.92,10,11,-1,1,1,12,0,On Time
ORD-01590,2023-07-24,2023-07-25,2023-07-26,2023-07-30,Pune,Agra,Standard,High,84.0,Short,138,9448.41,2,6,-4,0,0,7,0,On Time
ORD-01591,2023-01-12,2023-01-13,2023-01-14,2023-01-16,Delhi,Kochi,Express,Medium,494.0,Medium,12,40107.83,2,4,-2,0,0,1,0,On Time
ORD-01592,2022-04-28,2022-05-01,2022-05-10,2022-05-06,Kolkata,Indore,Standard,High,2190.0,Very Long,79,32265.98,12,8,4,0,0,4,1,Delayed
ORD-01593,2022-10-13,2022-10-15,2022-10-23,2022-10-20,Kolkata,Visakhapatnam,Standard,High,2032.0,Very Long,15,33613.11,10,7,3,1,0,10,1,Delayed
ORD-01594,2023-08-11,2023-08-13,2023-08-15,2023-08-14,Kolkata,Surat,Same Day,Critical,1280.0,Long,28,41697.01,4,3,1,0,0,8,1,Delayed
ORD-01595,2022-08-20,2022-08-22,2022-08-23,2022-08-25,Hyderabad,Coimbatore,Express,Critical,402.0,Medium,132,28904.29,3,5,-2,0,1,8,0,On Time
ORD-01596,2023-03-16,2023-03-19,2023-03-22,2023-03-24,Bangalore,Coimbatore,Standard,Medium,952.0,Long,36,23567.17,6,8,-2,0,0,3,0,On Time
ORD-01597,2023-07-29,2023-08-02,2023-08-08,2023-08-10,Mumbai,Jaipur,Economy,Medium,1405.0,Long,119,32013.73,10,12,-2,0,1,7,0,On Time
ORD-01598,2023-09-29,2023-10-01,2023-10-05,2023-10-04,Bangalore,Lucknow,Express,Critical,1798.0,Very Long,65,15248.89,6,5,1,0,0,9,1,Delayed
ORD-01599,2023-09-21,2023-09-22,2023-09-23,2023-09-23,Hyderabad,Jaipur,Same Day,Medium,208.0,Short,98,9538.56,2,2,0,0,0,9,0,On Time
ORD-01600,2023-11-23,2023-11-26,2023-12-01,2023-12-01,Hyderabad,Indore,Standard,Low,2027.0,Very Long,47,31021.1,8,8,0,1,0,11,0,On Time
ORD-01601,2023-10-21,2023-10-22,2023-10-23,2023-10-27,Pune,Vadodara,Standard,,1006.0,Long,81,12075.49,2,6,-4,1,1,10,0,On Time
ORD-01602,2023-07-25,2023-07-31,2023-08-09,2023-08-05,Chennai,Vadodara,Standard,Medium,2121.0,Very Long,39,4455.8,15,11,4,0,0,7,1,Delayed
ORD-01603,2022-01-27,2022-01-29,2022-01-30,2022-02-03,Mumbai,Patna,Standard,High,453.0,Medium,38,527.43,3,7,-4,0,0,1,0,On Time
ORD-01604,2023-09-16,2023-09-20,2023-09-21,2023-09-23,Kolkata,Bhubaneswar,Express,High,565.0,Medium,44,30611.81,5,7,-2,0,1,9,0,On Time
ORD-01605,2023-11-05,2023-11-08,2023-11-15,2023-11-16,Delhi,Chandigarh,Economy,Medium,1437.0,Long,179,18426.36,10,11,-1,1,1,11,0,On Time
ORD-01606,2023-12-12,2023-12-13,2023-12-14,2023-12-16,Kolkata,Kochi,Express,Critical,1005.0,Long,97,37739.39,2,4,-2,1,0,12,0,On Time
ORD-01607,2022-10-01,2022-10-09,2022-10-15,2022-10-14,Bangalore,Surat,Standard,High,2249.0,Very Long,124,19071.23,14,13,1,1,1,10,1,Delayed
ORD-01608,2022-01-30,2022-02-02,2022-02-04,2022-02-05,Hyderabad,Visakhapatnam,Express,High,1762.0,Very Long,26,24557.17,5,6,-1,0,1,1,0,On Time
ORD-01609,2022-07-04,2022-07-11,2022-07-12,2022-07-16,Mumbai,Indore,Standard,,657.0,Medium,164,20650.71,8,12,-4,0,0,7,0,On Time
ORD-01610,2022-10-07,2022-10-09,2022-10-12,2022-10-12,Ahmedabad,Vadodara,Express,Medium,1323.0,Long,197,32703.45,5,5,0,1,0,10,0,On Time
ORD-01611,2023-12-21,2023-12-24,2023-12-26,2023-12-27,Mumbai,Bhopal,Express,High,1585.0,Very Long,97,18128.89,5,6,-1,1,0,12,0,On Time
ORD-01612,2022-11-13,2022-11-15,2022-11-20,2022-11-16,Mumbai,Chandigarh,Same Day,Low,2432.0,Very Long,1,48206.5,7,3,4,1,1,11,1,Delayed
ORD-01613,2022-12-14,2022-12-15,2022-12-24,2022-12-23,Chennai,Agra,Economy,Medium,1491.0,Long,53,46839.28,10,9,1,1,0,12,1,Delayed
ORD-01614,2022-12-26,2022-12-29,2023-01-05,2023-01-03,Kolkata,Indore,,High,1847.0,Very Long,6,42477.38,10,8,2,1,0,12,1,Delayed
ORD-01615,2022-01-07,2022-01-07,2022-01-08,2022-01-10,Chennai,Bhopal,Express,Medium,344.0,Medium,37,46054.86,1,3,-2,0,0,1,0,On Time
ORD-01616,2022-07-05,2022-07-08,2022-07-14,2022-07-16,Ahmedabad,Bhopal,Economy,Medium,804.0,Long,2,22732.41,9,11,-2,0,0,7,0,On Time
ORD-01617,2022-05-27,2022-05-31,2022-06-01,2022-06-01,Ahmedabad,Bhopal,Same Day,Low,1444.0,Long,123,27053.3,5,5,0,0,0,5,0,On Time
ORD-01618,2023-08-03,2023-08-07,2023-08-08,2023-08-10,Pune,Vadodara,Express,Medium,235.0,Short,69,37233.58,5,7,-2,0,0,8,0,On Time
ORD-01619,2023-11-05,2023-11-09,2023-11-16,2023-11-17,Bangalore,Patna,Economy,High,1319.0,Long,169,34959.22,11,12,-1,1,1,11,0,On Time
ORD-01620,2023-02-15,2023-02-22,2023-02-25,2023-02-27,Delhi,Jaipur,Standard,Medium,686.0,Medium,179,44588.59,10,12,-2,0,0,2,0,On Time
ORD-01621,2022-03-13,2022-03-17,2022-03-25,2022-03-25,Pune,Coimbatore,Economy,Low,1341.0,Long,175,35958.39,12,12,0,0,1,3,0,On Time
ORD-01622,2022-05-26,2022-06-01,2022-06-02,2022-06-06,Hyderabad,Nagpur,Standard,High,579.0,Medium,13,49895.29,7,11,-4,0,0,5,0,On Time
ORD-01623,2023-10-11,2023-10-18,2023-10-21,2023-10-21,Chennai,Agra,Express,Critical,2118.0,Very Long,69,17751.04,10,10,0,1,0,10,0,On Time
ORD-01624,2022-02-01,2022-02-05,2022-02-10,2022-02-13,Chennai,Kochi,Economy,High,843.0,Long,66,41733.39,9,12,-3,0,0,2,0,On Time
ORD-01625,2022-04-04,2022-04-05,2022-04-13,2022-04-10,Pune,Bhopal,Standard,Low,2197.0,Very Long,59,35032.92,9,6,3,0,0,4,1,Delayed
ORD-01626,2023-06-28,2023-06-30,2023-07-01,2023-07-03,Hyderabad,Indore,Express,Medium,527.0,Medium,68,34723.63,3,5,-2,0,0,6,0,On Time
ORD-01627,2022-08-09,2022-08-12,2022-08-15,2022-08-17,Mumbai,Lucknow,Standard,High,1672.0,Very Long,59,16628.86,6,8,-2,0,0,8,0,On Time
ORD-01628,2023-01-21,2023-01-24,2023-01-29,2023-02-01,Hyderabad,Lucknow,Economy,Medium,989.0,Long,117,39387.29,8,11,-3,0,1,1,0,On Time
ORD-01629,2023-03-06,2023-03-09,2023-03-13,2023-03-17,Kolkata,Coimbatore,Economy,High,575.0,Medium,10,45068.61,7,11,-4,0,0,3,0,On Time
ORD-01630,2023-04-10,2023-04-11,2023-04-16,2023-04-12,Pune,Agra,Same Day,Medium,2431.0,Very Long,141,11318.15,6,2,4,0,0,4,1,Delayed
ORD-01631,2022-12-16,2022-12-17,2022-12-18,2022-12-20,Bangalore,Surat,Express,Medium,51.0,Short,130,31462.09,2,4,-2,1,0,12,0,On Time
ORD-01632,2022-06-11,2022-06-12,2022-06-13,2022-06-20,Hyderabad,Bhubaneswar,Economy,High,424.0,Medium,15,19910.67,2,9,-7,0,1,6,0,On Time
ORD-01633,2023-01-14,2023-01-17,2023-01-24,2023-01-22,Mumbai,Bhopal,Standard,High,2390.0,Very Long,46,49482.63,10,8,2,0,1,1,1,Delayed
ORD-01634,2022-11-16,2022-11-18,2022-11-21,2022-11-21,Hyderabad,Indore,Express,High,602.0,Medium,185,24202.22,5,5,0,1,0,11,0,On Time
ORD-01635,2022-11-29,2022-11-30,2022-12-02,2022-12-01,Chennai,Bhopal,Same Day,Medium,2415.0,Very Long,138,11801.85,3,2,1,1,0,11,1,Delayed
ORD-01636,2023-08-05,2023-08-09,2023-08-13,2023-08-14,Delhi,Patna,Standard,Low,1575.0,Very Long,150,19401.95,8,9,-1,0,1,8,0,On Time
ORD-01637,2023-09-03,2023-09-08,2023-09-15,2023-09-13,Chennai,Agra,Standard,Medium,1901.0,Very Long,89,32865.0,12,10,2,0,1,9,1,Delayed
ORD-01638,2022-03-28,2022-03-28,2022-03-29,2022-04-02,Bangalore,Bhubaneswar,Standard,Medium,430.0,Medium,77,4266.42,1,5,-4,0,0,3,0,On Time
ORD-01639,2022-02-23,2022-02-27,2022-03-03,2022-03-04,Ahmedabad,Bhopal,Standard,Low,1696.0,Very Long,136,30378.3,8,9,-1,0,0,2,0,On Time
ORD-01640,2022-06-09,2022-06-10,2022-06-11,2022-06-18,Delhi,Kochi,Economy,Low,63.0,Short,149,46595.63,2,9,-7,0,0,6,0,On Time
ORD-01641,2022-06-11,2022-06-16,2022-06-20,2022-06-19,Ahmedabad,Lucknow,Express,Low,553.0,Medium,150,42592.96,9,8,1,0,1,6,1,Delayed
ORD-01642,2023-09-25,2023-09-29,2023-10-02,2023-09-30,Hyderabad,Bhopal,Same Day,Critical,2328.0,Very Long,110,3849.84,7,5,2,0,0,9,1,Delayed
ORD-01643,2022-02-20,2022-02-25,2022-03-04,2022-03-02,Kolkata,Kochi,Standard,High,2058.0,Very Long,97,49672.8,12,10,2,0,1,2,1,Delayed
ORD-01644,2023-11-22,2023-11-26,2023-11-27,2023-12-01,Bangalore,Kochi,Standard,Critical,179.0,Short,45,35086.98,5,9,-4,1,0,11,0,On Time
ORD-01645,2022-03-25,2022-03-26,2022-03-29,2022-03-31,Hyderabad,Jaipur,Standard,Low,887.0,Long,91,8532.9,4,6,-2,0,0,3,0,On Time
ORD-01646,2022-10-06,2022-10-07,2022-10-10,2022-10-08,Mumbai,Kochi,Same Day,Critical,2090.0,Very Long,168,1114.6,4,2,2,1,0,10,1,Delayed
ORD-01647,2023-03-30,2023-03-30,2023-03-31,2023-04-02,Hyderabad,Bhubaneswar,Express,Low,77.0,Short,114,8978.49,1,3,-2,0,0,3,0,On Time
ORD-01648,2023-11-09,2023-11-15,2023-11-26,2023-11-23,Delhi,Lucknow,Economy,Medium,2163.0,Very Long,150,41989.71,17,14,3,1,0,11,1,Delayed
ORD-01649,2023-03-11,2023-03-14,2023-03-18,2023-03-17,Chennai,Visakhapatnam,Express,High,1302.0,Long,158,1571.15,7,6,1,0,1,3,1,Delayed
ORD-01650,2023-05-13,2023-05-13,2023-05-14,2023-05-16,Kolkata,Surat,Express,Medium,310.0,Medium,190,12040.79,1,3,-2,0,1,5,0,On Time
ORD-01651,2023-09-14,2023-09-17,2023-09-20,2023-09-20,Ahmedabad,Patna,Express,Medium,2096.0,Very Long,73,37986.63,6,6,0,0,0,9,0,On Time
ORD-01652,2023-03-29,2023-03-31,2023-04-07,2023-04-08,Hyderabad,Lucknow,Economy,Low,1522.0,Very Long,173,29512.47,9,10,-1,0,0,3,0,On Time
ORD-01653,2023-03-01,2023-03-01,2023-03-02,2023-03-02,Hyderabad,Indore,Same Day,Low,1497.0,Long,35,39245.42,1,1,0,0,0,3,0,On Time
ORD-01654,2022-10-07,2022-10-09,2022-10-14,2022-10-14,Chennai,Surat,Standard,High,509.0,Medium,42,37434.45,7,7,0,1,0,10,0,On Time
ORD-01655,2022-08-09,2022-08-12,2022-08-14,2022-08-15,Kolkata,Kochi,Express,High,350.0,Medium,133,3004.77,5,6,-1,0,0,8,0,On Time
ORD-01656,2023-06-09,2023-06-12,2023-06-16,2023-06-15,Pune,Bhopal,Express,High,2384.0,Very Long,27,44679.32,7,6,1,0,0,6,1,Delayed
ORD-01657,2022-04-27,2022-04-29,2022-04-30,2022-04-30,Ahmedabad,Jaipur,Same Day,Medium,679.0,Medium,198,11738.08,3,3,0,0,0,4,0,On Time
ORD-01658,2022-12-20,2022-12-27,2022-12-28,2023-01-01,Hyderabad,Agra,Standard,High,319.0,Medium,190,27892.93,8,12,-4,1,0,12,0,On Time
ORD-01659,2023-03-17,2023-03-25,2023-04-07,2023-04-02,Hyderabad,Surat,Economy,Low,2043.0,Very Long,32,32392.26,21,16,5,0,0,3,1,Delayed
ORD-01660,2022-04-24,2022-04-24,2022-04-30,2022-05-02,Pune,Agra,Economy,Low,1678.0,Very Long,136,8847.1,6,8,-2,0,1,4,0,On Time
ORD-01661,2022-10-18,2022-10-19,2022-10-25,2022-10-24,Ahmedabad,Indore,Standard,Critical,1851.0,Very Long,103,48823.45,7,6,1,1,0,10,1,Delayed
ORD-01662,2023-11-26,2023-11-28,2023-12-02,2023-12-06,Delhi,Indore,Economy,Low,911.0,Long,85,24663.72,6,10,-4,1,1,11,0,On Time
ORD-01663,2023-11-26,2023-11-27,2023-12-03,2023-12-02,Delhi,Surat,Standard,High,1330.0,Long,146,3353.31,7,6,1,1,1,11,1,Delayed
ORD-01664,2023-08-31,2023-09-02,2023-09-09,2023-09-07,Bangalore,Jaipur,Standard,Low,2230.0,Very Long,78,46894.47,9,7,2,0,0,8,1,Delayed
ORD-01665,2023-05-14,2023-05-16,2023-05-20,2023-05-21,Bangalore,Kochi,Standard,High,1849.0,Very Long,143,29520.26,6,7,-1,0,1,5,0,On Time
ORD-01666,2023-06-24,2023-06-26,2023-07-01,2023-07-01,Mumbai,Visakhapatnam,Standard,High,1756.0,Very Long,154,35110.06,7,7,0,0,1,6,0,On Time
ORD-01667,2023-11-15,2023-11-23,2023-12-04,2023-12-01,Chennai,Vadodara,Economy,Medium,2410.0,Very Long,181,26496.2,19,16,3,1,0,11,1,Delayed
ORD-01668,2022-11-12,2022-11-15,2022-11-17,2022-11-20,Kolkata,Bhubaneswar,Standard,Medium,625.0,Medium,44,41819.53,5,8,-3,1,1,11,0,On Time
ORD-01669,2022-02-16,2022-02-19,2022-02-28,2022-02-24,Hyderabad,Indore,Standard,High,2053.0,Very Long,32,2140.11,12,8,4,0,0,2,1,Delayed
ORD-01670,2022-08-14,2022-08-15,2022-08-17,2022-08-20,Ahmedabad,Kochi,Standard,Medium,1357.0,Long,28,13784.73,3,6,-3,0,1,8,0,On Time
ORD-01671,2023-02-09,2023-02-10,2023-02-15,2023-02-15,Hyderabad,Bhubaneswar,Standard,Low,2006.0,Very Long,167,23747.59,6,6,0,0,0,2,0,On Time
ORD-01672,2023-09-06,2023-09-07,2023-09-13,2023-09-12,Bangalore,Bhubaneswar,Standard,High,2070.0,Very Long,160,4291.88,7,6,1,0,0,9,1,Delayed
ORD-01673,2022-02-26,2022-02-28,2022-03-04,2022-03-03,Mumbai,Indore,Express,Low,2262.0,Very Long,77,35442.38,6,5,1,0,1,2,1,Delayed
ORD-01674,2022-01-08,2022-01-09,2022-01-18,2022-01-14,Ahmedabad,Visakhapatnam,Standard,High,2402.0,Very Long,18,19986.34,10,6,4,0,1,1,1,Delayed
ORD-01675,2022-07-29,2022-08-02,2022-08-10,2022-08-10,Ahmedabad,Surat,Economy,Medium,1705.0,Very Long,103,13997.07,12,12,0,0,0,7,0,On Time
ORD-01676,2022-11-05,2022-11-06,2022-11-15,2022-11-14,Hyderabad,Bhubaneswar,Economy,Low,1629.0,Very Long,70,667.25,10,9,1,1,1,11,1,Delayed
ORD-01677,2022-08-05,2022-08-07,2022-08-12,2022-08-12,Chennai,Bhopal,Standard,High,1897.0,Very Long,119,36131.6,7,7,0,0,0,8,0,On Time
ORD-01678,2022-05-21,2022-05-22,2022-06-03,2022-05-30,Mumbai,Lucknow,Economy,Medium,2253.0,Very Long,139,41773.56,13,9,4,0,1,5,1,Delayed
ORD-01679,2022-09-19,2022-09-24,2022-09-30,2022-09-29,Chennai,Patna,Standard,Medium,1440.0,Long,160,20054.51,11,10,1,0,0,9,1,Delayed
ORD-01680,2022-10-24,2022-10-27,2022-11-01,2022-11-01,Mumbai,Indore,Standard,Medium,1792.0,Very Long,148,28428.79,8,8,0,1,0,10,0,On Time
ORD-01681,2022-12-02,2022-12-03,2022-12-11,2022-12-08,Hyderabad,Chandigarh,Standard,Medium,1975.0,Very Long,97,11770.49,9,6,3,1,0,12,1,Delayed
ORD-01682,2022-05-03,2022-05-09,2022-05-11,2022-05-14,Mumbai,Bhubaneswar,Standard,Medium,669.0,Medium,168,31298.78,8,11,-3,0,0,5,0,On Time
ORD-01683,2022-01-08,2022-01-11,2022-01-15,2022-01-14,Delhi,Nagpur,Express,Low,1324.0,Long,136,1100.8,7,6,1,0,1,1,1,Delayed
ORD-01684,2023-05-25,2023-05-29,2023-05-30,2023-05-30,Ahmedabad,Coimbatore,Same Day,Medium,1006.0,Long,35,24687.87,5,5,0,0,0,5,0,On Time
ORD-01685,2023-03-17,2023-03-18,2023-03-25,2023-03-23,Kolkata,Bhopal,Standard,Medium,1989.0,Very Long,69,32388.17,8,6,2,0,0,3,1,Delayed
ORD-01686,2022-06-29,2022-06-29,2022-07-01,2022-06-30,Hyderabad,Chandigarh,Same Day,High,2431.0,Very Long,126,45950.49,2,1,1,0,0,6,1,Delayed
ORD-01687,2022-05-13,2022-05-13,2022-05-16,2022-05-18,Pune,Kochi,Standard,High,1018.0,Long,99,19376.12,3,5,-2,0,0,5,0,On Time
ORD-01688,2023-01-25,2023-01-27,2023-01-29,2023-01-28,Kolkata,Patna,Same Day,Medium,1366.0,Long,78,38376.92,4,3,1,0,0,1,1,Delayed
ORD-01689,2023-06-30,2023-07-03,2023-07-07,2023-07-08,Hyderabad,Jaipur,Standard,High,1093.0,Long,149,30085.51,7,8,-1,0,0,6,0,On Time
ORD-01690,2023-12-22,2023-12-25,2023-12-26,2023-12-30,Kolkata,Vadodara,Standard,High,331.0,Medium,111,46387.1,4,8,-4,1,0,12,0,On Time
ORD-01691,2022-08-24,2022-08-29,2022-09-08,2022-09-03,Delhi,Bhubaneswar,Standard,Medium,2216.0,Very Long,152,20219.69,15,10,5,0,0,8,1,Delayed
ORD-01692,2023-05-28,2023-05-29,2023-05-30,2023-06-03,Kolkata,Agra,Standard,High,1108.0,Long,17,16295.22,2,6,-4,0,1,5,0,On Time
ORD-01693,2023-07-27,2023-07-31,2023-08-01,2023-08-03,Mumbai,Visakhapatnam,Express,Medium,247.0,Short,146,44413.53,5,7,-2,0,0,7,0,On Time
ORD-01694,2023-11-16,2023-11-22,2023-11-28,2023-11-30,Bangalore,Coimbatore,Economy,High,1132.0,Long,140,2937.6,12,14,-2,1,0,11,0,On Time
ORD-01695,2022-12-29,2022-12-30,2023-01-04,2023-01-04,Kolkata,Jaipur,,Low,1234.0,Long,144,7251.08,6,6,0,1,0,12,0,On Time
ORD-01696,2022-03-15,2022-03-19,2022-03-22,2022-03-20,Hyderabad,Visakhapatnam,Same Day,Medium,1058.0,Long,4,4579.02,7,5,2,0,0,3,1,Delayed
ORD-01697,2023-02-11,2023-02-12,2023-02-13,2023-02-15,Pune,Patna,Express,High,1279.0,Long,162,42233.94,2,4,-2,0,1,2,0,On Time
ORD-01698,2022-02-13,2022-02-14,2022-02-19,2022-02-22,Pune,Agra,Economy,,1085.0,Long,92,1025.07,6,9,-3,0,1,2,0,On Time
ORD-01699,2023-03-23,2023-03-26,2023-03-27,2023-03-31,Bangalore,Bhopal,Standard,Low,539.0,Medium,174,43152.03,4,8,-4,0,0,3,0,On Time
ORD-01700,2022-01-20,2022-01-23,2022-01-24,2022-01-26,Chennai,Bhopal,Express,Medium,325.0,Medium,75,22837.76,4,6,-2,0,0,1,0,On Time
ORD-01701,2023-04-16,2023-04-17,2023-04-29,2023-04-25,Bangalore,Patna,Economy,Medium,2339.0,Very Long,159,699.25,13,9,4,0,1,4,1,Delayed
ORD-01702,2022-03-21,2022-03-24,2022-03-29,2022-03-27,Ahmedabad,Agra,Express,High,1289.0,Long,153,20381.44,8,6,2,0,0,3,1,Delayed
ORD-01703,2022-11-17,2022-11-19,2022-11-24,2022-11-24,Kolkata,Bhopal,Standard,High,1324.0,Long,103,9746.64,7,7,0,1,0,11,0,On Time
ORD-01704,2023-08-13,2023-08-18,2023-08-20,2023-08-23,Pune,Agra,Standard,Low,175.0,Short,24,31407.82,7,10,-3,0,1,8,0,On Time
ORD-01705,2023-03-16,2023-03-16,2023-03-18,2023-03-21,Bangalore,Coimbatore,Standard,Low,266.0,Short,65,34128.26,2,5,-3,0,0,3,0,On Time
ORD-01706,2023-08-11,2023-08-18,2023-08-20,2023-08-21,Kolkata,Bhubaneswar,Express,High,1258.0,Long,117,24632.61,9,10,-1,0,0,8,0,On Time
ORD-01707,2023-02-19,2023-02-20,2023-02-21,2023-02-21,Ahmedabad,Patna,Same Day,Medium,1296.0,Long,153,2505.72,2,2,0,0,1,2,0,On Time
ORD-01708,2023-12-28,2024-01-02,2024-01-06,2024-01-07,Pune,Indore,Standard,High,968.0,Long,156,32978.38,9,10,-1,1,0,12,0,On Time
ORD-01709,2023-10-18,2023-10-24,2023-10-25,2023-10-27,Ahmedabad,Nagpur,Express,Low,1367.0,Long,164,42180.92,7,9,-2,1,0,10,0,On Time
ORD-01710,2023-03-04,2023-03-09,2023-03-15,2023-03-12,Kolkata,Kochi,Express,Medium,2248.0,Very Long,82,36156.05,11,8,3,0,1,3,1,Delayed
ORD-01711,2022-10-24,2022-10-29,2022-11-03,2022-11-01,Hyderabad,Lucknow,Express,Medium,2481.0,Very Long,6,41582.92,10,8,2,1,0,10,1,Delayed
ORD-01712,2022-04-28,2022-05-04,2022-05-09,2022-05-07,Kolkata,Visakhapatnam,Express,Medium,1711.0,Very Long,66,10425.22,11,9,2,0,0,4,1,Delayed
ORD-01713,2023-02-19,2023-02-21,2023-02-22,2023-03-01,Bangalore,Vadodara,Economy,Medium,357.0,Medium,67,44499.95,3,10,-7,0,1,2,0,On Time
ORD-01714,2022-01-22,2022-01-27,2022-02-01,2022-02-01,Ahmedabad,Coimbatore,Standard,Medium,1409.0,Long,72,16448.58,10,10,0,0,1,1,0,On Time
ORD-01715,2022-11-29,2022-11-30,2022-12-10,2022-12-08,Hyderabad,Surat,Economy,Medium,2019.0,Very Long,95,1163.54,11,9,2,1,0,11,1,Delayed
ORD-01716,2022-06-25,2022-06-26,2022-06-29,2022-07-01,Hyderabad,Nagpur,Standard,Low,941.0,Long,48,42247.89,4,6,-2,0,1,6,0,On Time
ORD-01717,2023-09-25,2023-09-28,2023-09-29,2023-10-03,Chennai,Lucknow,Standard,Low,424.0,Medium,70,47120.15,4,8,-4,0,0,9,0,On Time
ORD-01718,2023-04-17,2023-04-21,2023-04-29,2023-04-26,Pune,Surat,Standard,Medium,2083.0,Very Long,78,32950.13,12,9,3,0,0,4,1,Delayed
ORD-01719,2023-12-08,2023-12-15,2023-12-18,2023-12-20,Mumbai,Agra,Standard,Medium,1414.0,Long,67,11956.11,10,12,-2,1,0,12,0,On Time
ORD-01720,2023-01-06,2023-01-13,2023-01-14,2023-01-18,Hyderabad,Jaipur,Standard,Medium,178.0,Short,176,12961.35,8,12,-4,0,0,1,0,On Time
ORD-01721,2022-04-01,2022-04-09,2022-04-14,2022-04-14,Ahmedabad,Nagpur,Standard,Medium,1064.0,Long,65,23596.35,13,13,0,0,0,4,0,On Time
ORD-01722,2023-03-24,2023-03-26,2023-04-05,2023-04-03,Pune,Chandigarh,Economy,High,1849.0,Very Long,172,44942.64,12,10,2,0,0,3,1,Delayed
ORD-01723,2022-04-19,2022-04-21,2022-04-26,2022-04-26,Delhi,Vadodara,Standard,High,1431.0,Long,63,7905.08,7,7,0,0,0,4,0,On Time
ORD-01724,2022-09-07,2022-09-09,2022-09-12,2022-09-10,Kolkata,Nagpur,Same Day,Medium,566.0,Medium,46,41385.7,5,3,2,0,0,9,1,Delayed
ORD-01725,2023-03-23,2023-03-27,2023-04-01,2023-04-01,Bangalore,Visakhapatnam,Standard,Low,1568.0,Very Long,147,14919.49,9,9,0,0,0,3,0,On Time
ORD-01726,2023-08-27,2023-09-01,2023-09-04,2023-09-09,Ahmedabad,Agra,Economy,Low,,,192,40525.02,8,13,-5,0,1,8,0,On Time
ORD-01727,2023-02-15,2023-02-18,2023-02-20,2023-02-19,Delhi,Bhopal,Same Day,High,1248.0,Long,73,46053.42,5,4,1,0,0,2,1,Delayed
ORD-01728,2023-06-21,2023-06-28,2023-07-04,2023-07-03,Ahmedabad,Bhubaneswar,Standard,,2408.0,Very Long,71,21660.95,13,12,1,0,0,6,1,Delayed
ORD-01729,2022-03-22,2022-03-22,2022-03-26,2022-03-23,Kolkata,Bhubaneswar,Same Day,Low,1192.0,Long,110,18570.01,4,1,3,0,0,3,1,Delayed
ORD-01730,2023-02-10,2023-02-13,2023-02-19,2023-02-16,Chennai,Lucknow,Express,High,2043.0,Very Long,178,40209.96,9,6,3,0,0,2,1,Delayed
ORD-01731,2022-11-14,2022-11-16,2022-11-18,2022-11-17,Ahmedabad,Vadodara,Same Day,Low,2211.0,Very Long,63,26709.4,4,3,1,1,0,11,1,Delayed
ORD-01732,2022-12-14,2022-12-16,2022-12-18,2022-12-19,Hyderabad,Bhopal,Express,Medium,352.0,Medium,41,34380.23,4,5,-1,1,0,12,0,On Time
ORD-01733,2022-08-15,2022-08-19,2022-08-20,2022-08-22,Mumbai,Jaipur,Express,Medium,637.0,Medium,7,31330.05,5,7,-2,0,0,8,0,On Time
ORD-01734,2022-12-08,2022-12-15,2022-12-17,2022-12-16,Hyderabad,Bhubaneswar,Same Day,High,1036.0,Long,137,8068.0,9,8,1,1,0,12,1,Delayed
ORD-01735,2022-06-22,2022-06-25,2022-06-26,2022-06-28,Kolkata,Kochi,Express,Low,1913.0,Very Long,4,42317.12,4,6,-2,0,0,6,0,On Time
ORD-01736,2022-03-20,2022-03-22,2022-03-23,2022-03-27,Ahmedabad,Jaipur,Standard,High,394.0,Medium,89,10190.87,3,7,-4,0,1,3,0,On Time
ORD-01737,2023-06-07,2023-06-11,2023-06-17,2023-06-19,Mumbai,Bhopal,Economy,High,863.0,Long,177,46647.97,10,12,-2,0,0,6,0,On Time
ORD-01738,2023-10-11,2023-10-15,2023-10-21,2023-10-20,Hyderabad,Vadodara,Standard,Medium,2037.0,Very Long,134,12903.28,10,9,1,1,0,10,1,Delayed
ORD-01739,2022-04-27,2022-04-29,2022-05-02,2022-05-02,Mumbai,Bhopal,Express,Low,1360.0,Long,82,36827.11,5,5,0,0,0,4,0,On Time
ORD-01740,2023-06-28,2023-06-29,2023-07-04,2023-07-04,Bangalore,Agra,Standard,Medium,2049.0,Very Long,21,14590.44,6,6,0,0,0,6,0,On Time
ORD-01741,2023-06-07,2023-06-08,2023-06-14,2023-06-11,Kolkata,Lucknow,Express,High,,,143,16230.38,7,4,3,0,0,6,1,Delayed
ORD-01742,2022-07-18,2022-07-20,2022-07-29,2022-07-28,Chennai,Vadodara,Economy,High,1377.0,Long,128,15845.09,11,10,1,0,0,7,1,Delayed
ORD-01743,2022-12-24,2022-12-26,2022-12-30,2022-12-31,Chennai,Indore,Standard,Medium,1142.0,Long,195,37520.67,6,7,-1,1,1,12,0,On Time
ORD-01744,2022-12-26,2022-12-29,2023-01-06,2023-01-03,Ahmedabad,Bhubaneswar,Standard,High,2458.0,Very Long,194,28062.35,11,8,3,1,0,12,1,Delayed
ORD-01745,2023-10-23,2023-10-28,2023-11-01,2023-10-31,Hyderabad,Bhopal,Express,Low,1059.0,Long,184,44206.15,9,8,1,1,0,10,1,Delayed
ORD-01746,2022-06-01,2022-06-03,2022-06-10,2022-06-11,Delhi,Bhopal,Economy,Low,753.0,Medium,105,15714.95,9,10,-1,0,0,6,0,On Time
ORD-01747,2022-08-30,2022-09-03,2022-09-06,2022-09-06,Kolkata,Kochi,Express,Critical,624.0,Medium,104,34753.63,7,7,0,0,0,8,0,On Time
ORD-01748,2022-04-16,2022-04-17,2022-04-26,2022-04-22,Hyderabad,Nagpur,Standard,High,1658.0,Very Long,68,37770.96,10,6,4,0,1,4,1,Delayed
ORD-01749,2022-05-30,2022-06-01,2022-06-05,2022-06-09,Hyderabad,Nagpur,Economy,Medium,1162.0,Long,160,7998.36,6,10,-4,0,0,5,0,On Time
ORD-01750,2022-09-20,2022-09-23,2022-09-24,2022-09-26,Chennai,Bhopal,Express,High,,,194,20329.17,4,6,-2,0,0,9,0,On Time
ORD-01751,2022-07-22,2022-07-24,2022-07-25,2022-07-29,Ahmedabad,Coimbatore,Standard,Critical,538.0,Medium,110,24399.47,3,7,-4,0,0,7,0,On Time
ORD-01752,2022-06-27,2022-06-30,2022-07-05,2022-07-05,Mumbai,Jaipur,Standard,High,1397.0,Long,157,18106.53,8,8,0,0,0,6,0,On Time
ORD-01753,2023-09-09,2023-09-14,2023-09-15,2023-09-17,Kolkata,Kochi,Express,High,543.0,Medium,66,16444.57,6,8,-2,0,1,9,0,On Time
ORD-01754,2022-06-06,2022-06-07,2022-06-12,2022-06-12,Bangalore,Jaipur,Standard,High,1717.0,Very Long,162,34477.78,6,6,0,0,0,6,0,On Time
ORD-01755,2023-11-03,2023-11-07,2023-11-14,2023-11-12,Mumbai,Surat,Standard,Low,1687.0,Very Long,27,11185.39,11,9,2,1,0,11,1,Delayed
ORD-01756,2022-03-19,2022-03-20,2022-03-22,2022-03-28,Pune,Indore,Economy,High,68.0,Short,60,35614.84,3,9,-6,0,1,3,0,On Time
ORD-01757,2022-07-01,2022-07-06,2022-07-12,2022-07-11,Pune,Nagpur,Standard,Low,2494.0,Very Long,118,46784.69,11,10,1,0,0,7,1,Delayed
ORD-01758,2023-10-06,2023-10-12,2023-10-13,2023-10-13,Kolkata,Nagpur,Same Day,High,1050.0,Long,167,28477.28,7,7,0,1,0,10,0,On Time
ORD-01759,2023-05-21,2023-05-23,2023-05-27,2023-05-28,Ahmedabad,Kochi,Standard,Medium,900.0,Long,44,30765.99,6,7,-1,0,1,5,0,On Time
ORD-01760,2023-04-21,2023-04-26,2023-04-27,2023-04-27,Delhi,Coimbatore,Same Day,High,1438.0,Long,36,3912.17,6,6,0,0,0,4,0,On Time
ORD-01761,2023-08-01,2023-08-06,2023-08-07,2023-08-07,Pune,Coimbatore,Same Day,Medium,1404.0,Long,19,43291.61,6,6,0,0,0,8,0,On Time
ORD-01762,2023-08-17,2023-08-23,2023-08-29,2023-08-28,Chennai,Agra,Standard,Low,1417.0,Long,91,14629.67,12,11,1,0,0,8,1,Delayed
ORD-01763,2023-04-05,2023-04-06,2023-04-07,2023-04-09,Delhi,Vadodara,Express,Medium,871.0,Long,45,30945.03,2,4,-2,0,0,4,0,On Time
ORD-01764,2023-11-29,2023-12-02,2023-12-03,2023-12-07,Hyderabad,Patna,Standard,Critical,504.0,Medium,149,48966.05,4,8,-4,1,0,11,0,On Time
ORD-01765,2023-08-02,2023-08-03,2023-08-12,2023-08-11,Pune,Vadodara,Economy,Critical,1674.0,Very Long,151,29977.38,10,9,1,0,0,8,1,Delayed
ORD-01766,2023-10-21,2023-10-29,2023-11-01,2023-11-06,Chennai,Visakhapatnam,Economy,Medium,760.0,Medium,155,36373.12,11,16,-5,1,1,10,0,On Time
ORD-01767,2023-10-13,2023-10-17,2023-10-23,2023-10-20,Hyderabad,Jaipur,Express,Critical,2240.0,Very Long,98,22543.32,10,7,3,1,0,10,1,Delayed
ORD-01768,2023-10-02,2023-10-05,2023-10-06,2023-10-08,Delhi,Vadodara,Express,High,966.0,Long,19,3488.11,4,6,-2,1,0,10,0,On Time
ORD-01769,2022-11-27,2022-11-28,2022-12-05,2022-12-03,Kolkata,Bhubaneswar,Standard,High,1546.0,Very Long,41,39981.17,8,6,2,1,1,11,1,Delayed
ORD-01770,2023-10-05,2023-10-13,2023-10-14,2023-10-14,Hyderabad,Kochi,Same Day,Low,1490.0,Long,26,2232.44,9,9,0,1,0,10,0,On Time
ORD-01771,2022-11-20,2022-11-21,2022-11-23,2022-11-26,Mumbai,Agra,Standard,Critical,354.0,Medium,28,35182.56,3,6,-3,1,1,11,0,On Time
ORD-01772,2022-06-04,2022-06-08,2022-06-12,2022-06-13,Kolkata,Vadodara,Standard,Medium,785.0,Medium,64,1634.62,8,9,-1,0,1,6,0,On Time
ORD-01773,2023-03-27,2023-03-30,2023-04-03,2023-04-02,Kolkata,Lucknow,Express,High,2388.0,Very Long,68,43184.11,7,6,1,0,0,3,1,Delayed
ORD-01774,2022-03-11,2022-03-14,2022-03-18,2022-03-19,Delhi,Patna,Standard,High,2013.0,Very Long,80,8302.98,7,8,-1,0,0,3,0,On Time
ORD-01775,2023-04-26,2023-04-27,2023-04-30,2023-04-28,Delhi,Chandigarh,Same Day,High,2199.0,Very Long,51,25956.44,4,2,2,0,0,4,1,Delayed
ORD-01776,2023-03-29,2023-04-05,2023-04-12,2023-04-10,Chennai,Jaipur,Standard,High,2059.0,Very Long,102,30058.96,14,12,2,0,0,3,1,Delayed
ORD-01777,2023-10-09,2023-10-13,2023-10-16,2023-10-16,Chennai,Patna,Express,Medium,1011.0,Long,176,23148.5,7,7,0,1,0,10,0,On Time
ORD-01778,2022-11-07,2022-11-08,2022-11-11,2022-11-13,Mumbai,Kochi,Standard,Medium,1076.0,Long,10,17367.79,4,6,-2,1,0,11,0,On Time
ORD-01779,2022-10-09,2022-10-14,2022-10-21,2022-10-19,Kolkata,Bhubaneswar,Standard,Medium,2182.0,Very Long,167,23656.81,12,10,2,1,1,10,1,Delayed
ORD-01780,2023-08-29,2023-08-31,2023-09-08,2023-09-03,Bangalore,Agra,Express,Low,2425.0,Very Long,100,15915.08,10,5,5,0,0,8,1,Delayed
ORD-01781,2022-02-27,2022-02-28,2022-03-05,2022-03-08,Ahmedabad,Lucknow,Economy,Medium,1523.0,Very Long,122,22187.06,6,9,-3,0,1,2,0,On Time
ORD-01782,2022-12-27,2022-12-28,2022-12-31,2022-12-29,Mumbai,Indore,Same Day,High,1997.0,Very Long,147,18266.19,4,2,2,1,0,12,1,Delayed
ORD-01783,2023-06-04,2023-06-05,2023-06-08,2023-06-10,Mumbai,Patna,Standard,High,1227.0,Long,64,28527.14,4,6,-2,0,1,6,0,On Time
ORD-01784,2022-03-17,2022-03-25,2022-03-27,2022-03-30,Ahmedabad,Indore,Standard,Low,714.0,Medium,124,12277.25,10,13,-3,0,0,3,0,On Time
ORD-01785,2022-11-14,2022-11-15,2022-11-16,2022-11-23,Ahmedabad,Bhopal,Economy,Medium,61.0,Short,19,49438.5,2,9,-7,1,0,11,0,On Time
ORD-01786,2023-04-18,2023-04-22,2023-04-23,2023-04-25,Ahmedabad,Nagpur,Express,Low,1206.0,Long,76,25293.06,5,7,-2,0,0,4,0,On Time
ORD-01787,2023-04-08,2023-04-16,2023-04-18,2023-04-21,Delhi,Surat,Standard,Low,353.0,Medium,62,10111.02,10,13,-3,0,1,4,0,On Time
ORD-01788,2022-02-08,2022-02-10,2022-02-21,2022-02-18,Mumbai,Nagpur,Economy,Low,1813.0,Very Long,141,24114.8,13,10,3,0,0,2,1,Delayed
ORD-01789,2022-02-28,2022-03-04,2022-03-05,2022-03-12,Mumbai,Chandigarh,Economy,High,92.0,Short,25,43387.55,5,12,-7,0,0,2,0,On Time
ORD-01790,2023-01-13,2023-01-15,2023-01-20,2023-01-23,Hyderabad,Coimbatore,Economy,Low,993.0,Long,89,1579.44,7,10,-3,0,0,1,0,On Time
ORD-01791,2022-10-21,2022-10-24,2022-11-04,2022-11-01,Ahmedabad,Visakhapatnam,Economy,High,2440.0,Very Long,92,34137.93,14,11,3,1,0,10,1,Delayed
ORD-01792,2022-03-20,2022-03-20,2022-03-28,2022-03-28,Ahmedabad,Vadodara,Economy,Medium,1399.0,Long,42,27624.41,8,8,0,0,1,3,0,On Time
ORD-01793,2023-10-23,2023-10-27,2023-11-07,2023-11-01,Chennai,Agra,Standard,High,2461.0,Very Long,117,8893.12,15,9,6,1,0,10,1,Delayed
ORD-01794,2022-04-03,2022-04-06,2022-04-09,2022-04-11,Chennai,Agra,Standard,High,940.0,Long,39,40965.08,6,8,-2,0,1,4,0,On Time
ORD-01795,2023-09-22,2023-09-22,2023-09-24,2023-09-25,Kolkata,Bhubaneswar,Express,Critical,1054.0,Long,158,18759.79,2,3,-1,0,0,9,0,On Time
ORD-01796,2023-09-01,2023-09-05,2023-09-06,2023-09-08,Chennai,Lucknow,Express,High,70.0,Short,133,15043.2,5,7,-2,0,0,9,0,On Time
ORD-01797,2023-06-04,2023-06-06,2023-06-07,2023-06-09,Pune,Indore,Express,Critical,456.0,Medium,81,41492.2,3,5,-2,0,1,6,0,On Time
ORD-01798,2023-01-29,2023-02-02,2023-02-03,2023-02-07,Kolkata,Kochi,Standard,High,1064.0,Long,146,32106.99,5,9,-4,0,1,1,0,On Time
ORD-01799,2023-04-19,2023-04-20,2023-04-21,2023-04-23,Bangalore,Vadodara,Express,High,385.0,Medium,107,44963.82,2,4,-2,0,0,4,0,On Time
ORD-01800,2023-08-18,2023-08-21,2023-08-24,2023-08-24,Ahmedabad,Indore,Express,Low,1888.0,Very Long,111,31679.24,6,6,0,0,0,8,0,On Time
ORD-01801,2023-07-22,2023-07-23,2023-07-25,2023-07-28,Hyderabad,Bhubaneswar,Standard,Medium,1197.0,Long,21,37170.47,3,6,-3,0,1,7,0,On Time
ORD-01802,2022-02-12,2022-02-15,2022-02-24,2022-02-20,Chennai,Visakhapatnam,Standard,Medium,2496.0,Very Long,50,41904.07,12,8,4,0,1,2,1,Delayed
ORD-01803,2023-04-06,2023-04-08,2023-04-10,2023-04-11,Hyderabad,Kochi,Express,High,1877.0,Very Long,121,3209.61,4,5,-1,0,0,4,0,On Time
ORD-01804,2023-08-09,2023-08-13,2023-08-14,2023-08-14,Chennai,Kochi,Same Day,Medium,764.0,Medium,134,38914.42,5,5,0,0,0,8,0,On Time
ORD-01805,2023-10-30,2023-11-01,2023-11-04,2023-11-06,Chennai,Chandigarh,Standard,High,100.0,Short,50,30878.47,5,7,-2,1,0,10,0,On Time
ORD-01806,2022-07-12,2022-07-17,2022-07-18,2022-07-20,Hyderabad,Bhubaneswar,Express,Critical,373.0,Medium,194,3940.64,6,8,-2,0,0,7,0,On Time
ORD-01807,2022-11-26,2022-12-04,2022-12-05,2022-12-05,Mumbai,Patna,Same Day,Medium,838.0,Long,115,25674.61,9,9,0,1,1,11,0,On Time
ORD-01808,2023-09-12,2023-09-16,2023-09-17,2023-09-19,Mumbai,Visakhapatnam,Express,Medium,190.0,Short,1,4581.67,5,7,-2,0,0,9,0,On Time
ORD-01809,2023-05-03,2023-05-07,2023-05-10,2023-05-12,Mumbai,Nagpur,Standard,Critical,519.0,Medium,185,36929.39,7,9,-2,0,0,5,0,On Time
ORD-01810,2023-05-29,2023-06-02,2023-06-03,2023-06-05,Pune,Visakhapatnam,Express,Medium,836.0,Long,30,27551.83,5,7,-2,0,0,5,0,On Time
ORD-01811,2022-06-04,2022-06-08,2022-06-15,2022-06-13,Mumbai,Coimbatore,Standard,High,1875.0,Very Long,186,47701.89,11,9,2,0,1,6,1,Delayed
ORD-01812,2022-03-05,2022-03-06,2022-03-14,2022-03-14,Chennai,Bhopal,Economy,Medium,1407.0,Long,107,9565.2,9,9,0,0,1,3,0,On Time
ORD-01813,2023-04-07,2023-04-08,2023-04-11,2023-04-13,Ahmedabad,Visakhapatnam,Standard,High,1966.0,Very Long,180,30498.66,4,6,-2,0,0,4,0,On Time
ORD-01814,2022-04-16,2022-04-19,2022-04-22,2022-04-22,Delhi,Vadodara,Express,Medium,1013.0,Long,165,10973.32,6,6,0,0,1,4,0,On Time
ORD-01815,2022-12-18,2022-12-25,2022-12-28,2022-12-30,Hyderabad,Indore,Standard,High,422.0,Medium,48,30896.22,10,12,-2,1,1,12,0,On Time
ORD-01816,2022-03-28,2022-03-29,2022-04-01,2022-04-01,Ahmedabad,Patna,Express,Medium,1742.0,Very Long,87,36271.16,4,4,0,0,0,3,0,On Time
ORD-01817,2023-06-01,2023-06-05,2023-06-09,2023-06-08,Delhi,Bhopal,Express,Low,1229.0,Long,129,36254.06,8,7,1,0,0,6,1,Delayed
ORD-01818,2023-10-24,2023-10-27,2023-11-06,2023-11-01,Ahmedabad,Lucknow,Standard,Medium,2388.0,Very Long,19,40846.16,13,8,5,1,0,10,1,Delayed
ORD-01819,2022-06-26,2022-06-29,2022-07-03,2022-07-02,Pune,Surat,Express,Medium,1721.0,Very Long,46,42750.74,7,6,1,0,1,6,1,Delayed
ORD-01820,2022-02-10,2022-02-14,2022-02-15,2022-02-19,Delhi,Coimbatore,Standard,Critical,155.0,Short,195,4324.95,5,9,-4,0,0,2,0,On Time
ORD-01821,2022-09-11,2022-09-12,2022-09-16,2022-09-17,Bangalore,Indore,Standard,High,1493.0,Long,130,17491.72,5,6,-1,0,1,9,0,On Time
ORD-01822,2023-12-26,2024-01-03,2024-01-06,2024-01-06,Kolkata,Chandigarh,Express,Medium,1731.0,Very Long,56,34512.56,11,11,0,1,0,12,0,On Time
ORD-01823,2023-03-25,2023-03-28,2023-03-29,2023-04-02,Mumbai,Bhopal,Standard,Medium,51.0,Short,145,25180.02,4,8,-4,0,1,3,0,On Time
ORD-01824,2023-03-26,2023-03-28,2023-04-07,2023-04-05,Bangalore,Vadodara,Economy,Medium,2187.0,Very Long,92,9938.46,12,10,2,0,1,3,1,Delayed
ORD-01825,2023-06-21,2023-06-22,2023-06-23,2023-06-25,Pune,Kochi,Express,High,399.0,Medium,82,27859.12,2,4,-2,0,0,6,0,On Time
ORD-01826,2023-06-20,2023-06-23,2023-06-28,2023-06-26,Ahmedabad,Patna,Express,High,1336.0,Long,79,20668.06,8,6,2,0,0,6,1,Delayed
ORD-01827,2023-09-17,2023-09-21,2023-09-25,2023-09-26,Chennai,Nagpur,Standard,Medium,1112.0,Long,150,19806.89,8,9,-1,0,1,9,0,On Time
ORD-01828,2022-06-12,2022-06-13,2022-06-17,2022-06-16,Mumbai,Visakhapatnam,Express,High,2256.0,Very Long,105,40582.81,5,4,1,0,1,6,1,Delayed
ORD-01829,2023-01-08,2023-01-11,2023-01-15,2023-01-12,Bangalore,Visakhapatnam,Same Day,High,2409.0,Very Long,27,20676.12,7,4,3,0,1,1,1,Delayed
ORD-01830,2023-01-17,2023-01-21,2023-01-25,2023-01-26,Mumbai,Chandigarh,Standard,Critical,494.0,Medium,55,1809.5,8,9,-1,0,0,1,0,On Time
ORD-01831,2022-10-17,2022-10-22,2022-10-30,2022-10-30,Delhi,Indore,Economy,Critical,2395.0,Very Long,160,3374.14,13,13,0,1,0,10,0,On Time
ORD-01832,2023-02-01,2023-02-04,2023-02-08,2023-02-09,Kolkata,Bhubaneswar,Standard,High,1001.0,Long,60,42884.08,7,8,-1,0,0,2,0,On Time
ORD-01833,2023-02-23,2023-02-24,2023-02-25,2023-03-04,Mumbai,Patna,Economy,High,85.0,Short,109,48049.74,2,9,-7,0,0,2,0,On Time
ORD-01834,2022-12-13,2022-12-18,2022-12-23,2022-12-23,Ahmedabad,Vadodara,Standard,Medium,1157.0,Long,156,34576.26,10,10,0,1,0,12,0,On Time
ORD-01835,2023-11-27,2023-12-01,2023-12-09,2023-12-09,Ahmedabad,Agra,Economy,High,1525.0,Very Long,156,18536.23,12,12,0,1,0,11,0,On Time
ORD-01836,2023-09-05,2023-09-08,2023-09-13,2023-09-11,Hyderabad,Chandigarh,Express,Medium,1848.0,Very Long,120,46960.72,8,6,2,0,0,9,1,Delayed
ORD-01837,2022-02-23,2022-02-25,2022-03-03,2022-03-02,Hyderabad,Surat,Standard,Medium,1895.0,Very Long,153,33308.75,8,7,1,0,0,2,1,Delayed
ORD-01838,2023-10-09,2023-10-14,2023-10-16,2023-10-19,Mumbai,Visakhapatnam,Standard,Medium,1458.0,Long,85,42294.51,7,10,-3,1,0,10,0,On Time
ORD-01839,2023-10-25,2023-10-28,2023-10-30,2023-10-31,Delhi,Indore,Express,High,1245.0,Long,86,38409.69,5,6,-1,1,0,10,0,On Time
ORD-01840,2022-12-09,2022-12-11,2022-12-19,2022-12-19,Delhi,Lucknow,Economy,Low,1449.0,Long,117,19267.4,10,10,0,1,0,12,0,On Time
ORD-01841,2022-03-09,2022-03-11,2022-03-18,2022-03-16,Chennai,Nagpur,Standard,Medium,1758.0,Very Long,154,24195.76,9,7,2,0,0,3,1,Delayed
ORD-01842,2022-12-04,2022-12-07,2022-12-10,2022-12-12,Pune,Lucknow,Standard,Medium,1435.0,Long,108,9713.54,6,8,-2,1,1,12,0,On Time
ORD-01843,2022-04-07,2022-04-13,2022-04-19,2022-04-16,Pune,Bhopal,Express,Low,2238.0,Very Long,75,14954.7,12,9,3,0,0,4,1,Delayed
ORD-01844,2023-07-26,2023-07-30,2023-08-01,2023-08-02,Bangalore,Bhubaneswar,Express,,1350.0,Long,119,39017.22,6,7,-1,0,0,7,0,On Time
ORD-01845,2023-11-26,2023-11-29,2023-12-02,2023-12-02,Pune,Visakhapatnam,Express,,1293.0,Long,199,44751.93,6,6,0,1,1,11,0,On Time
ORD-01846,2023-01-31,2023-02-02,2023-02-03,2023-02-05,Kolkata,Bhopal,Express,High,570.0,Medium,145,36360.79,3,5,-2,0,0,1,0,On Time
ORD-01847,2022-10-18,2022-10-24,2022-10-30,2022-10-29,Delhi,Nagpur,Standard,Medium,1856.0,Very Long,7,23526.1,12,11,1,1,0,10,1,Delayed
ORD-01848,2022-09-16,2022-09-21,2022-09-23,2022-09-29,Chennai,Patna,Economy,High,59.0,Short,184,4782.21,7,13,-6,0,0,9,0,On Time
ORD-01849,2023-11-04,2023-11-08,2023-11-09,2023-11-11,Hyderabad,Visakhapatnam,Express,High,1033.0,Long,192,3318.92,5,7,-2,1,1,11,0,On Time
ORD-01850,2023-09-10,2023-09-11,2023-09-18,2023-09-16,Ahmedabad,Bhopal,Standard,Medium,2475.0,Very Long,148,19029.12,8,6,2,0,1,9,1,Delayed
ORD-01851,2022-06-03,2022-06-06,2022-06-08,2022-06-07,Pune,Bhubaneswar,Same Day,High,1706.0,Very Long,166,23459.18,5,4,1,0,0,6,1,Delayed
ORD-01852,2022-12-08,2022-12-13,2022-12-20,2022-12-16,Hyderabad,Vadodara,Express,Critical,1710.0,Very Long,75,30651.47,12,8,4,1,0,12,1,Delayed
ORD-01853,2022-03-25,2022-03-27,2022-04-02,2022-04-01,Hyderabad,Jaipur,Standard,Medium,2249.0,Very Long,58,821.23,8,7,1,0,0,3,1,Delayed
ORD-01854,2023-08-20,2023-08-24,2023-08-29,2023-08-27,Mumbai,Jaipur,Express,Medium,,,16,49491.28,9,7,2,0,1,8,1,Delayed
ORD-01855,2023-11-11,2023-11-17,2023-11-24,2023-11-22,Kolkata,Chandigarh,Standard,Critical,1122.0,Long,179,18514.97,13,11,2,1,1,11,1,Delayed
ORD-01856,2022-05-25,2022-05-25,2022-05-27,2022-05-28,Chennai,Chandigarh,Express,High,908.0,Long,27,42480.69,2,3,-1,0,0,5,0,On Time
ORD-01857,2022-12-25,2022-12-28,2023-01-03,2023-01-05,Kolkata,Indore,Economy,Low,1366.0,Long,51,26980.85,9,11,-2,1,1,12,0,On Time
ORD-01858,2022-11-14,2022-11-16,2022-11-20,2022-11-21,Mumbai,Chandigarh,Standard,Medium,1653.0,Very Long,75,6956.75,6,7,-1,1,0,11,0,On Time
ORD-01859,2023-11-03,2023-11-04,2023-11-05,2023-11-09,Chennai,Coimbatore,Standard,Medium,99.0,Short,144,39979.49,2,6,-4,1,0,11,0,On Time
ORD-01860,2023-12-17,2023-12-18,2023-12-19,2023-12-26,Chennai,Surat,Economy,High,195.0,Short,87,35636.44,2,9,-7,1,1,12,0,On Time
ORD-01861,2023-11-10,2023-11-15,2023-11-20,2023-11-23,Delhi,Chandigarh,,Medium,964.0,Long,188,26608.09,10,13,-3,1,0,11,0,On Time
ORD-01862,2023-02-06,2023-02-11,2023-02-16,2023-02-14,Kolkata,Visakhapatnam,Express,Medium,1512.0,Very Long,123,25970.38,10,8,2,0,0,2,1,Delayed
ORD-01863,2022-05-13,2022-05-16,2022-05-20,2022-05-19,Kolkata,Surat,Express,High,2339.0,Very Long,76,4830.24,7,6,1,0,0,5,1,Delayed
ORD-01864,2023-09-02,2023-09-07,2023-09-08,2023-09-10,Delhi,Chandigarh,Express,Medium,630.0,Medium,40,32964.52,6,8,-2,0,1,9,0,On Time
ORD-01865,2023-12-27,2024-01-03,2024-01-09,2024-01-11,Bangalore,Lucknow,Economy,Medium,1634.0,Very Long,67,45606.64,13,15,-2,1,0,12,0,On Time
ORD-01866,2022-03-28,2022-03-30,2022-04-02,2022-04-07,Hyderabad,Coimbatore,Economy,Medium,532.0,Medium,130,5115.62,5,10,-5,0,0,3,0,On Time
ORD-01867,2022-11-14,2022-11-20,2022-11-25,2022-11-25,Mumbai,Coimbatore,Standard,High,1299.0,Long,102,13543.82,11,11,0,1,0,11,0,On Time
ORD-01868,2023-07-27,2023-08-01,2023-08-03,2023-08-04,Kolkata,Kochi,Express,Low,722.0,Medium,176,45164.24,7,8,-1,0,0,7,0,On Time
ORD-01869,2023-01-21,2023-01-21,2023-01-22,2023-01-24,Delhi,Surat,Express,High,680.0,Medium,180,14575.02,1,3,-2,0,1,1,0,On Time
ORD-01870,2023-10-21,2023-10-26,2023-10-27,2023-10-27,Ahmedabad,Patna,Same Day,Medium,711.0,Medium,152,32870.21,6,6,0,1,1,10,0,On Time
ORD-01871,2022-12-03,2022-12-06,2022-12-09,2022-12-09,Bangalore,Indore,Express,Medium,1037.0,Long,93,26973.5,6,6,0,1,1,12,0,On Time
ORD-01872,2022-05-11,2022-05-14,2022-05-17,2022-05-17,Chennai,Nagpur,Express,Medium,1596.0,Very Long,110,30018.22,6,6,0,0,0,5,0,On Time
ORD-01873,2023-11-18,2023-11-23,2023-11-27,2023-12-01,Pune,Surat,Economy,Medium,699.0,Medium,82,21081.55,9,13,-4,1,1,11,0,On Time
ORD-01874,2023-12-21,2023-12-22,2023-12-26,2023-12-27,Ahmedabad,Bhopal,Standard,High,1018.0,Long,78,15349.58,5,6,-1,1,0,12,0,On Time
ORD-01875,2023-12-03,2023-12-07,2023-12-13,2023-12-12,Delhi,Kochi,Standard,Medium,1150.0,Long,2,2902.41,10,9,1,1,1,12,1,Delayed
ORD-01876,2023-06-24,2023-06-26,2023-06-28,2023-06-29,Pune,Lucknow,Express,High,490.0,Medium,65,37341.91,4,5,-1,0,1,6,0,On Time
ORD-01877,2022-04-06,2022-04-08,2022-04-12,2022-04-13,Hyderabad,Jaipur,Standard,Low,970.0,Long,20,37431.63,6,7,-1,0,0,4,0,On Time
ORD-01878,2023-10-24,2023-10-28,2023-11-02,2023-11-02,Mumbai,Coimbatore,Standard,Critical,819.0,Long,34,33700.92,9,9,0,1,0,10,0,On Time
ORD-01879,2023-11-18,2023-11-22,2023-11-27,2023-11-27,Pune,Lucknow,Standard,High,1393.0,Long,41,32359.87,9,9,0,1,1,11,0,On Time
ORD-01880,2023-03-10,2023-03-11,2023-03-17,2023-03-14,Bangalore,Chandigarh,Express,High,1876.0,Very Long,169,12564.0,7,4,3,0,0,3,1,Delayed
ORD-01881,2023-06-05,2023-06-05,2023-06-07,2023-06-13,Hyderabad,Indore,Economy,Medium,312.0,Medium,23,1606.07,2,8,-6,0,0,6,0,On Time
ORD-01882,2023-01-06,2023-01-12,2023-01-13,2023-01-15,Pune,Coimbatore,Express,Medium,1627.0,Very Long,38,40531.41,7,9,-2,0,0,1,0,On Time
ORD-01883,2022-01-19,2022-01-22,2022-01-26,2022-01-25,Chennai,Kochi,Express,Medium,1048.0,Long,172,24811.36,7,6,1,0,0,1,1,Delayed
ORD-01884,2023-01-07,2023-01-09,2023-01-12,2023-01-14,Chennai,Bhopal,Standard,Critical,749.0,Medium,67,15688.49,5,7,-2,0,1,1,0,On Time
ORD-01885,2022-11-13,2022-11-14,2022-11-16,2022-11-15,Bangalore,Surat,Same Day,Medium,2399.0,Very Long,62,5545.63,3,2,1,1,1,11,1,Delayed
ORD-01886,2022-07-04,2022-07-07,2022-07-09,2022-07-08,Chennai,Lucknow,Same Day,High,1653.0,Very Long,140,3604.72,5,4,1,0,0,7,1,Delayed
ORD-01887,2022-08-08,2022-08-09,2022-08-11,2022-08-12,Chennai,Kochi,Express,High,1291.0,Long,30,17768.9,3,4,-1,0,0,8,0,On Time
ORD-01888,2022-12-16,2022-12-19,2022-12-23,2022-12-24,Delhi,Vadodara,Standard,Medium,1175.0,Long,87,40334.48,7,8,-1,1,0,12,0,On Time
ORD-01889,2023-05-13,2023-05-14,2023-05-21,2023-05-19,Chennai,Surat,,High,2385.0,Very Long,193,45976.83,8,6,2,0,1,5,1,Delayed
ORD-01890,2022-07-16,2022-07-20,2022-07-26,2022-07-25,Ahmedabad,Visakhapatnam,Standard,High,1240.0,Long,169,44889.19,10,9,1,0,1,7,1,Delayed
ORD-01891,2022-08-20,2022-08-21,2022-08-23,2022-08-24,Chennai,Indore,Express,High,1055.0,Long,148,46040.04,3,4,-1,0,1,8,0,On Time
ORD-01892,2022-05-21,2022-05-23,2022-05-24,2022-05-31,Ahmedabad,Visakhapatnam,,Medium,85.0,Short,118,45432.4,3,10,-7,0,1,5,0,On Time
ORD-01893,2022-06-08,2022-06-10,2022-06-13,2022-06-18,Delhi,Coimbatore,Economy,Medium,793.0,Medium,6,26597.63,5,10,-5,0,0,6,0,On Time
ORD-01894,2022-03-21,2022-03-24,2022-03-28,2022-03-27,Chennai,Nagpur,Express,Medium,1814.0,Very Long,75,11361.07,7,6,1,0,0,3,1,Delayed
ORD-01895,2022-10-30,2022-10-31,2022-11-01,2022-11-01,Bangalore,Jaipur,Same Day,High,402.0,Medium,132,40003.31,2,2,0,1,1,10,0,On Time
ORD-01896,2022-04-14,2022-04-22,2022-05-02,2022-04-30,Hyderabad,Indore,Economy,High,1972.0,Very Long,93,11078.79,18,16,2,0,0,4,1,Delayed
ORD-01897,2023-06-04,2023-06-11,2023-06-12,2023-06-16,Bangalore,Visakhapatnam,Standard,Medium,122.0,Short,10,13726.76,8,12,-4,0,1,6,0,On Time
ORD-01898,2023-07-07,2023-07-12,2023-07-14,2023-07-17,Hyderabad,Chandigarh,Standard,Critical,1426.0,Long,51,12046.09,7,10,-3,0,0,7,0,On Time
ORD-01899,2023-06-24,2023-06-25,2023-07-06,2023-07-03,Kolkata,Bhubaneswar,Economy,Low,1964.0,Very Long,93,25991.63,12,9,3,0,1,6,1,Delayed
ORD-01900,2022-02-08,2022-02-08,2022-02-14,2022-02-13,Hyderabad,Nagpur,Standard,High,1143.0,Long,38,16430.46,6,5,1,0,0,2,1,Delayed
ORD-01901,2023-11-09,2023-11-11,2023-11-13,2023-11-19,Mumbai,Agra,Economy,Critical,757.0,Medium,129,8130.72,4,10,-6,1,0,11,0,On Time
ORD-01902,2022-12-11,2022-12-16,2022-12-28,2022-12-24,Mumbai,Chandigarh,Economy,High,1854.0,Very Long,136,22932.08,17,13,4,1,1,12,1,Delayed
ORD-01903,2023-09-25,2023-09-26,2023-09-28,2023-09-29,Mumbai,Visakhapatnam,Express,High,1005.0,Long,102,43758.41,3,4,-1,0,0,9,0,On Time
ORD-01904,2022-05-15,2022-05-22,2022-05-23,2022-05-30,Delhi,Lucknow,Economy,Medium,209.0,Short,81,28742.37,8,15,-7,0,1,5,0,On Time
ORD-01905,2023-09-04,2023-09-12,2023-09-14,2023-09-13,Bangalore,Nagpur,Same Day,Medium,2246.0,Very Long,83,43977.61,10,9,1,0,0,9,1,Delayed
ORD-01906,2023-01-21,2023-01-22,2023-01-23,2023-01-25,Hyderabad,Chandigarh,Express,High,1785.0,Very Long,191,10195.67,2,4,-2,0,1,1,0,On Time
ORD-01907,2022-06-07,2022-06-11,2022-06-18,2022-06-16,Bangalore,Nagpur,Standard,Medium,1635.0,Very Long,161,8765.21,11,9,2,0,0,6,1,Delayed
ORD-01908,2022-06-16,2022-06-20,2022-06-21,2022-06-25,Ahmedabad,Indore,Standard,Low,116.0,Short,143,28991.07,5,9,-4,0,0,6,0,On Time
ORD-01909,2022-07-05,2022-07-10,2022-07-17,2022-07-15,Mumbai,Coimbatore,Standard,High,2478.0,Very Long,31,23434.78,12,10,2,0,0,7,1,Delayed
ORD-01910,2023-12-11,2023-12-13,2023-12-15,2023-12-16,Kolkata,Kochi,Express,Medium,107.0,Short,21,33178.55,4,5,-1,1,0,12,0,On Time
ORD-01911,2023-10-02,2023-10-06,2023-10-07,2023-10-11,Delhi,Jaipur,Standard,Critical,391.0,Medium,131,39834.03,5,9,-4,1,0,10,0,On Time
ORD-01912,2022-06-19,2022-06-21,2022-06-23,2022-06-26,Kolkata,Jaipur,Standard,High,1203.0,Long,126,37689.71,4,7,-3,0,1,6,0,On Time
ORD-01913,2023-03-25,2023-03-28,2023-04-01,2023-04-02,Hyderabad,Chandigarh,Standard,High,1245.0,Long,194,47141.93,7,8,-1,0,1,3,0,On Time
ORD-01914,2022-02-14,2022-02-22,2022-02-24,2022-02-23,Chennai,Chandigarh,Same Day,High,1282.0,Long,35,20213.69,10,9,1,0,0,2,1,Delayed
ORD-01915,2023-02-25,2023-02-27,2023-03-12,2023-03-07,Kolkata,Nagpur,Economy,High,2451.0,Very Long,169,10716.14,15,10,5,0,1,2,1,Delayed
ORD-01916,2023-01-09,2023-01-10,2023-01-17,2023-01-18,Chennai,Agra,Economy,High,1544.0,Very Long,187,27770.18,8,9,-1,0,0,1,0,On Time
ORD-01917,2023-11-24,2023-11-25,2023-12-03,2023-11-28,Delhi,Lucknow,Express,High,1871.0,Very Long,144,5981.78,9,4,5,1,0,11,1,Delayed
ORD-01918,2022-09-01,2022-09-05,2022-09-06,2022-09-13,Kolkata,Agra,Economy,Medium,165.0,Short,184,14798.13,5,12,-7,0,0,9,0,On Time
ORD-01919,2023-03-31,2023-03-31,2023-04-01,2023-04-01,Kolkata,Chandigarh,Same Day,High,711.0,Medium,45,10790.46,1,1,0,0,0,3,0,On Time
ORD-01920,2023-09-18,2023-09-23,2023-09-25,2023-09-26,Pune,Vadodara,Express,High,1515.0,Very Long,59,20129.9,7,8,-1,0,0,9,0,On Time
ORD-01921,2022-10-19,2022-10-23,2022-10-27,2022-10-26,Delhi,Nagpur,Express,Medium,1918.0,Very Long,178,6005.22,8,7,1,1,0,10,1,Delayed
ORD-01922,2023-04-05,2023-04-11,2023-04-20,2023-04-16,Delhi,Patna,Standard,Low,2384.0,Very Long,12,2076.17,15,11,4,0,0,4,1,Delayed
ORD-01923,2022-08-28,2022-09-02,2022-09-09,2022-09-10,Mumbai,Visakhapatnam,Economy,High,1066.0,Long,140,33011.3,12,13,-1,0,1,8,0,On Time
ORD-01924,2023-07-01,2023-07-01,2023-07-02,2023-07-06,Hyderabad,Jaipur,Standard,Low,360.0,Medium,33,30707.32,1,5,-4,0,1,7,0,On Time
ORD-01925,2022-09-02,2022-09-03,2022-09-04,2022-09-06,Kolkata,Visakhapatnam,Express,Critical,257.0,Short,177,35563.77,2,4,-2,0,0,9,0,On Time
ORD-01926,2022-11-13,2022-11-15,2022-11-17,2022-11-18,Bangalore,Chandigarh,Express,Critical,682.0,Medium,21,33189.13,4,5,-1,1,1,11,0,On Time
ORD-01927,2023-04-26,2023-05-01,2023-05-09,2023-05-06,Kolkata,Indore,Standard,Low,2152.0,Very Long,60,6157.59,13,10,3,0,0,4,1,Delayed
ORD-01928,2022-07-18,2022-07-21,2022-07-23,2022-07-26,Ahmedabad,Bhopal,Standard,High,706.0,Medium,52,14908.4,5,8,-3,0,0,7,0,On Time
ORD-01929,2023-01-12,2023-01-16,2023-01-20,2023-01-19,Delhi,Nagpur,Express,Low,1473.0,Long,182,6911.57,8,7,1,0,0,1,1,Delayed
ORD-01930,2023-11-26,2023-11-27,2023-12-02,2023-12-02,Bangalore,Jaipur,Standard,High,1981.0,Very Long,167,42227.13,6,6,0,1,1,11,0,On Time
ORD-01931,2023-08-08,2023-08-10,2023-08-14,2023-08-11,Delhi,Vadodara,Same Day,Medium,1729.0,Very Long,177,37471.73,6,3,3,0,0,8,1,Delayed
ORD-01932,2023-03-28,2023-03-29,2023-03-31,2023-04-01,Hyderabad,Chandigarh,Express,High,286.0,Short,123,10475.59,3,4,-1,0,0,3,0,On Time
ORD-01933,2023-04-18,2023-04-19,2023-04-20,2023-04-22,Delhi,Vadodara,Express,Medium,397.0,Medium,106,17394.81,2,4,-2,0,0,4,0,On Time
ORD-01934,2022-10-16,2022-10-18,2022-10-19,2022-10-21,Chennai,Kochi,Express,Low,679.0,Medium,192,48347.44,3,5,-2,1,1,10,0,On Time
ORD-01935,2023-01-27,2023-01-29,2023-01-31,2023-02-01,Chennai,Nagpur,Express,Medium,1590.0,Very Long,100,29910.89,4,5,-1,0,0,1,0,On Time
ORD-01936,2023-05-30,2023-06-04,2023-06-09,2023-06-07,Pune,Lucknow,Express,Low,2053.0,Very Long,154,40157.2,10,8,2,0,0,5,1,Delayed
ORD-01937,2023-06-25,2023-06-29,2023-06-30,2023-07-02,Chennai,Vadodara,Express,Medium,1321.0,Long,71,13597.26,5,7,-2,0,1,6,0,On Time
ORD-01938,2023-03-05,2023-03-07,2023-03-08,2023-03-08,Chennai,Chandigarh,Same Day,Low,413.0,Medium,135,10897.62,3,3,0,0,1,3,0,On Time
ORD-01939,2022-06-15,2022-06-20,2022-06-23,2022-06-21,Hyderabad,Nagpur,Same Day,Medium,2418.0,Very Long,62,39303.89,8,6,2,0,0,6,1,Delayed
ORD-01940,2022-07-24,2022-07-25,2022-07-27,2022-08-02,Kolkata,Chandigarh,Economy,,335.0,Medium,88,34450.69,3,9,-6,0,1,7,0,On Time
ORD-01941,2023-09-12,2023-09-16,2023-09-17,2023-09-21,Chennai,Bhubaneswar,Standard,High,198.0,Short,24,34208.41,5,9,-4,0,0,9,0,On Time
ORD-01942,2022-05-22,2022-05-27,2022-05-28,2022-05-30,Bangalore,Bhopal,Express,High,1157.0,Long,40,27855.41,6,8,-2,0,1,5,0,On Time
ORD-01943,2022-09-14,2022-09-18,2022-09-21,2022-09-26,Pune,Surat,Economy,Critical,505.0,Medium,76,28397.13,7,12,-5,0,0,9,0,On Time
ORD-01944,2022-02-23,2022-02-28,2022-03-05,2022-03-05,Delhi,Surat,Standard,Low,1816.0,Very Long,175,36917.03,10,10,0,0,0,2,0,On Time
ORD-01945,2023-10-19,2023-10-26,2023-10-28,2023-10-31,Chennai,Bhubaneswar,Standard,Low,849.0,Long,136,13865.12,9,12,-3,1,0,10,0,On Time
ORD-01946,2023-05-08,2023-05-09,2023-05-12,2023-05-12,Pune,Agra,Express,Medium,1234.0,Long,182,17962.04,4,4,0,0,0,5,0,On Time
ORD-01947,2023-01-16,2023-01-22,2023-01-26,2023-01-27,Hyderabad,Nagpur,Standard,High,1062.0,Long,9,43646.02,10,11,-1,0,0,1,0,On Time
ORD-01948,2023-07-22,2023-07-23,2023-07-28,2023-07-28,Ahmedabad,Lucknow,Standard,Critical,1573.0,Very Long,3,15788.83,6,6,0,0,1,7,0,On Time
ORD-01949,2022-04-16,2022-04-18,2022-04-20,2022-04-26,Ahmedabad,Coimbatore,Economy,Low,530.0,Medium,182,27542.32,4,10,-6,0,1,4,0,On Time
ORD-01950,2023-12-30,2024-01-03,2024-01-06,2024-01-06,Ahmedabad,Chandigarh,Express,Medium,1736.0,Very Long,21,35280.65,7,7,0,1,1,12,0,On Time
ORD-01951,2023-06-13,2023-06-13,2023-06-20,2023-06-18,Delhi,Nagpur,Standard,Medium,2211.0,Very Long,95,49996.28,7,5,2,0,0,6,1,Delayed
ORD-01952,2022-05-08,2022-05-09,2022-05-15,2022-05-17,Pune,Kochi,Economy,High,1651.0,Very Long,176,22046.92,7,9,-2,0,1,5,0,On Time
ORD-01953,2022-10-19,2022-10-22,2022-11-03,2022-10-30,Chennai,Vadodara,Economy,High,2458.0,Very Long,175,21690.6,15,11,4,1,0,10,1,Delayed
ORD-01954,2022-03-27,2022-03-27,2022-03-28,2022-03-30,Kolkata,Lucknow,Express,Low,390.0,Medium,196,42208.12,1,3,-2,0,1,3,0,On Time
ORD-01955,2022-06-14,2022-06-15,2022-06-20,2022-06-20,Delhi,Kochi,Standard,Medium,2060.0,Very Long,191,40372.4,6,6,0,0,0,6,0,On Time
ORD-01956,2022-10-07,2022-10-07,2022-10-18,2022-10-15,Delhi,Coimbatore,Economy,High,1916.0,Very Long,16,36688.26,11,8,3,1,0,10,1,Delayed
ORD-01957,2023-04-06,2023-04-10,2023-04-13,2023-04-11,Ahmedabad,Bhubaneswar,Same Day,High,884.0,Long,107,23429.87,7,5,2,0,0,4,1,Delayed
ORD-01958,2023-06-10,2023-06-14,2023-06-15,2023-06-17,Kolkata,Indore,Express,Low,1253.0,Long,93,16534.99,5,7,-2,0,1,6,0,On Time
ORD-01959,2022-05-31,2022-06-01,2022-06-12,2022-06-09,Ahmedabad,Surat,Economy,High,1775.0,Very Long,133,30632.16,12,9,3,0,0,5,1,Delayed
ORD-01960,2023-03-24,2023-03-27,2023-03-30,2023-03-30,Delhi,Surat,Express,Medium,1739.0,Very Long,139,43873.05,6,6,0,0,0,3,0,On Time
ORD-01961,2022-04-04,2022-04-05,2022-04-07,2022-04-10,Chennai,Visakhapatnam,Standard,High,360.0,Medium,157,44246.98,3,6,-3,0,0,4,0,On Time
ORD-01962,2022-08-16,2022-08-16,2022-08-17,2022-08-19,Ahmedabad,Chandigarh,Express,High,311.0,Medium,79,5870.67,1,3,-2,0,0,8,0,On Time
ORD-01963,2023-04-07,2023-04-12,2023-04-18,2023-04-17,Ahmedabad,Bhopal,Standard,Low,1492.0,Long,70,21703.34,11,10,1,0,0,4,1,Delayed
ORD-01964,2022-12-24,2022-12-27,2022-12-28,2022-12-28,Bangalore,Bhubaneswar,Same Day,Low,455.0,Medium,48,23503.74,4,4,0,1,1,12,0,On Time
ORD-01965,2022-01-28,2022-02-02,2022-02-05,2022-02-05,Ahmedabad,Nagpur,Express,High,2240.0,Very Long,15,48891.96,8,8,0,0,0,1,0,On Time
ORD-01966,2023-03-01,2023-03-04,2023-03-05,2023-03-09,Delhi,Bhubaneswar,Standard,Low,391.0,Medium,34,34060.9,4,8,-4,0,0,3,0,On Time
ORD-01967,2022-02-24,2022-02-27,2022-02-28,2022-03-02,Chennai,Nagpur,Express,High,1389.0,Long,60,20658.7,4,6,-2,0,0,2,0,On Time
ORD-01968,2023-02-10,2023-02-11,2023-02-12,2023-02-16,Kolkata,Agra,Standard,High,293.0,Short,190,1789.87,2,6,-4,0,0,2,0,On Time
ORD-01969,2023-05-30,2023-06-02,2023-06-05,2023-06-07,Mumbai,Bhubaneswar,Standard,High,539.0,Medium,2,28486.57,6,8,-2,0,0,5,0,On Time
ORD-01970,2023-01-18,2023-01-20,2023-01-21,2023-01-23,Kolkata,Indore,Express,Medium,61.0,Short,80,5255.76,3,5,-2,0,0,1,0,On Time
ORD-01971,2022-08-30,2022-09-03,2022-09-05,2022-09-08,Chennai,Vadodara,Standard,Medium,610.0,Medium,19,41805.27,6,9,-3,0,0,8,0,On Time
ORD-01972,2023-01-31,2023-02-04,2023-02-05,2023-02-05,Hyderabad,Patna,Same Day,High,91.0,Short,49,37749.67,5,5,0,0,0,1,0,On Time
ORD-01973,2022-03-25,2022-04-01,2022-04-02,2022-04-06,Ahmedabad,Bhopal,Standard,Low,643.0,Medium,78,23295.2,8,12,-4,0,0,3,0,On Time
ORD-01974,2023-01-19,2023-01-23,2023-01-28,2023-01-26,Kolkata,Agra,Express,High,1502.0,Very Long,28,21745.93,9,7,2,0,0,1,1,Delayed
ORD-01975,2022-08-18,2022-08-18,2022-08-27,2022-08-26,Hyderabad,Nagpur,Economy,High,1876.0,Very Long,48,44918.28,9,8,1,0,0,8,1,Delayed
ORD-01976,2022-01-29,2022-01-29,2022-02-02,2022-02-01,Hyderabad,Bhopal,Express,Medium,1743.0,Very Long,96,14778.69,4,3,1,0,1,1,1,Delayed
ORD-01977,2022-11-23,2022-11-28,2022-11-29,2022-12-01,Chennai,Lucknow,Express,High,183.0,Short,165,12826.49,6,8,-2,1,0,11,0,On Time
ORD-01978,2022-04-12,2022-04-15,2022-04-20,2022-04-23,Chennai,Bhubaneswar,Economy,Low,997.0,Long,177,46990.27,8,11,-3,0,0,4,0,On Time
ORD-01979,2023-10-28,2023-10-29,2023-10-30,2023-11-03,Bangalore,Visakhapatnam,Standard,Medium,122.0,Short,109,40557.67,2,6,-4,1,1,10,0,On Time
ORD-01980,2022-12-10,2022-12-10,2022-12-13,2022-12-15,Ahmedabad,Chandigarh,Standard,Critical,448.0,Medium,176,41120.97,3,5,-2,1,1,12,0,On Time
ORD-01981,2022-05-30,2022-06-04,2022-06-08,2022-06-07,Mumbai,Jaipur,Express,Critical,1478.0,Long,73,10162.09,9,8,1,0,0,5,1,Delayed
ORD-01982,2022-05-21,2022-05-24,2022-05-25,2022-05-29,Pune,Lucknow,Standard,Medium,179.0,Short,100,7593.15,4,8,-4,0,1,5,0,On Time
ORD-01983,2022-02-09,2022-02-13,2022-02-22,2022-02-21,Delhi,Kochi,Economy,Critical,1861.0,Very Long,29,1788.46,13,12,1,0,0,2,1,Delayed
ORD-01984,2022-10-21,2022-10-23,2022-10-29,2022-10-28,Kolkata,Surat,Standard,Medium,2051.0,Very Long,188,12233.55,8,7,1,1,0,10,1,Delayed
ORD-01985,2023-04-29,2023-04-30,2023-05-01,2023-05-01,Chennai,Visakhapatnam,Same Day,Medium,315.0,Medium,157,38822.43,2,2,0,0,1,4,0,On Time
ORD-01986,2023-12-14,2023-12-19,2023-12-20,2023-12-20,Kolkata,Jaipur,Same Day,Medium,1610.0,Very Long,58,12381.9,6,6,0,1,0,12,0,On Time
ORD-01987,2022-05-23,2022-05-26,2022-06-02,2022-05-31,Pune,Indore,Standard,Critical,2035.0,Very Long,48,36590.61,10,8,2,0,0,5,1,Delayed
ORD-01988,2023-12-24,2023-12-27,2023-12-29,2023-12-30,Pune,Bhubaneswar,Express,Low,842.0,Long,23,12969.46,5,6,-1,1,1,12,0,On Time
ORD-01989,2023-04-26,2023-04-27,2023-05-05,2023-05-02,Ahmedabad,Patna,Standard,Medium,2350.0,Very Long,27,20066.98,9,6,3,0,0,4,1,Delayed
ORD-01990,2023-04-05,2023-04-09,2023-04-11,2023-04-12,Hyderabad,Indore,Express,Medium,1362.0,Long,7,49166.53,6,7,-1,0,0,4,0,On Time
ORD-01991,2023-09-23,2023-09-25,2023-09-27,2023-09-30,Ahmedabad,Nagpur,Standard,High,213.0,Short,49,12618.18,4,7,-3,0,1,9,0,On Time
ORD-01992,2022-01-06,2022-01-10,2022-01-11,2022-01-18,Delhi,Vadodara,Economy,Medium,144.0,Short,182,19130.35,5,12,-7,0,0,1,0,On Time
ORD-01993,2022-03-23,2022-03-27,2022-04-06,2022-04-04,Mumbai,Agra,Economy,Medium,1855.0,Very Long,109,15403.82,14,12,2,0,0,3,1,Delayed
ORD-01994,2022-01-20,2022-01-27,2022-01-28,2022-02-01,Kolkata,Jaipur,Standard,Low,1183.0,Long,68,5926.44,8,12,-4,0,0,1,0,On Time
ORD-01995,2022-09-20,2022-09-25,2022-09-27,2022-09-30,Delhi,Surat,Standard,High,2433.0,Very Long,170,24749.76,7,10,-3,0,0,9,0,On Time
ORD-01996,2022-08-09,2022-08-13,2022-08-14,2022-08-14,Bangalore,Chandigarh,Same Day,High,871.0,Long,187,19245.19,5,5,0,0,0,8,0,On Time
ORD-01997,2022-06-03,2022-06-04,2022-06-05,2022-06-09,Mumbai,Patna,Standard,Medium,287.0,Short,172,34896.91,2,6,-4,0,0,6,0,On Time
ORD-01998,2023-07-16,2023-07-19,2023-07-31,2023-07-27,Kolkata,Bhopal,Economy,High,2478.0,Very Long,154,40970.93,15,11,4,0,1,7,1,Delayed
ORD-01999,2023-09-16,2023-09-21,2023-09-25,2023-09-24,Delhi,Bhubaneswar,Express,Low,2010.0,Very Long,151,27440.36,9,8,1,0,1,9,1,Delayed
ORD-02000,2023-06-25,2023-06-27,2023-07-03,2023-07-02,Chennai,Vadodara,Standard,High,1098.0,Long,73,2093.72,8,7,1,0,1,6,1,Delayed
